СУД , АРЕСТОВАТЬ ,ПОДПОЛКОВНИК ,ЗАМНАЧАЛЬНИК ,ОТДЕЛ 
СУД , ВЕСТИ ,ПЕРЕГОВОРЫ ,ПОСТАВКА ,БУДУЩИЙ 
СУД , ВЗЯТЬ ,РЕАЛИЗАЦИЯ ,ЗАКОН ,ОБЯЗАТЕЛЬНЫЙ 
СУД , ВЫКУПИТЬ ,ГОСУДАРСТВО ,АКЦИЯ ,РАНЕЕ 
СУД , ГОВОРИТЬ ,ПРЕСС-СЕКРЕТАРЬ ,ЕВГЕНИЙ ,ВРЕМЕНИТЬ
СУД , ЕСТЬ ,ЗВАНИЕ ,ЗАСЛУЖЕННЫЙ ,МАШИНОСТРОИТЕЛЬ 
СУД , ЗАЯВИТЬ ,ЭНЕРГИЯ ,ПРОВОДИТЬ ,НЕСКОЛЬКО 
СУД , ИЗМЕНИТЬ ,СИТУАЦИЯ ,ПЕРИОД ,НЕМЕЦКИЙ 
СУД , НАПОМНИТЬ ,ТРЕБОВАНИЕ ,ОБЪЯСНЯТЬ ,СОГЛАШЕНИЕ 
СУД , ОБВИНИТЬ ,РАБОТОДАТЕЛЬ ,ПРИМЕНЕНИЕ ,СЕРЫЙ 
СУД , ОБВИНЯТЬ ,ДЕЗИНФОРМАЦИЯ ,СУД ,АДВОКАТ 
СУД , ОБРАЩАТЬ ,ВНИМАНИЕ ,ВЫСТУПЛЕНИЕ ,ИМЕТЬ 
СУД , ОБСУДИТЬ ,ХОД ,ДУМСКИЙ ,КАМПАНИЯ 
СУД , ОБЪЕДИНИТЬ ,КОМПАНИЯ ,РАСТИТЬ ,РАСТИ 
СУД , ОЖИДАТЬ ,СВЯЗЬ ,ИЗМЕНЕНИЕ ,ВКАЛЫВАТЬ 
СУД , ОПРЕДЕЛИТЬСЯ ,ВРАГ ,НАРОД ,КОЛЛАЖ 
СУД , ОСУДИТЬ ,ПОЛКОВНИК , ОТВЕТ ,РУКОВОДСТВО 
СУД , ПИСАТЬ ,ПОЧТА ,ИСКАТЬ ,ИНФОРМАЦИЯ 
СУД , ПОДЧЕРКНУТЬ ,ПРОЦЕСС ,СКОРЕЕ ,ПРОХОДИТЬ 
СУД , ПОПОЛНИТЬ ,АКТИВ ,ВЛАДЕТЬ ,ПРЕДСТАВИТЬ 
СУД , ПОСМОТРЕТЬ ,ЭПИЗОД ,НЕДАВНИЙ ,СЪЕЗД 
СУД , ПОСМОТРЕТЬ ,РЕЗУЛЬТАТ ,ВЫБОРЫ ,ПРОЦЕНТ 
СУД , ПОСТАВЛЯТЬ ,НОУТБУК ,КОНТРАКТНЫЙ ,ПРОИЗВОДИТЕЛЬ 
СУД , ПОСТУПИТЬ ,ОППОНЕНТ ,ДОБИТЬСЯ ,ПЕРЕСМОТР 
СУД , ПОЯВИТЬСЯ ,ПРЕДПОЛОЖЕНИЕ ,КАТЕГОРИЧЕСКИ ,ОТВЕРГАТЬ 
СУД , ПРЕДПИСАТЬ ,ЦЕНА ,ХЛОРИСТЫЙ ,КАЛИЙ 
СУД , ПРОДЛИТЬ ,ДОГОВОР ,ДОГОВОР ,ИМУЩЕСТВО 
СУД , РАССКАЗЫВАТЬ ,СДЕЛКА ,РОССИЙСКИЙ ,МАЛОИЗВЕСТНЫЙ 
СУД , СООБЩИТЬ ,КОМПАНИЯ ,ЗАКЛЮЧИТЬ ,ДОГОВОР 
СУД , СЧИТАТЬ ,НЕДОСТАТОК ,УКАЗЫВАТЬ ,РАНЕЕ 
СУД , УПУСТИТЬ ,ВОЗМОЖНОСТЬ ,ПРЕДАТЬ ,СУД 
СУД , УСИЛИВАТЬ ,БОРЬБА ,БРАКОНЬЕРСТВО ,ВЕДОМСТВО 
СУД ,АДРЕСОВАТЬ ,МНЕНИЕ ,ДИРЕКТОР ,УКРАИНСКИЙ 
СУД ,АРЕСТОВАТЬ ,АКТИВ ,ИСПОЛНИТЬ ,РЕШЕНИЕ 
СУД ,АРЕСТОВАТЬ ,АКЦИЯ , НАПЛЕВАТЬ ,ПРИЙТИ 
СУД ,АРЕСТОВАТЬ ,АКЦИЯ ,ПРОШЛЫЙ ,НЕДЕЛЯ 
СУД ,АРЕСТОВАТЬ ,АКЦИЯ ,РУССНЕФТЬ , ПОСЛЕДНИЙ 
СУД ,АРЕСТОВАТЬ ,АКЦИЯ ,МИХАИЛ ,ЗРЯ 
СУД ,АРЕСТОВАТЬ ,АКЦИЯ ,ТОГДА ,ПРЕДПОЛОЖИТЬ 
СУД ,АРЕСТОВАТЬ ,МЕСЯЦ ,БЫВШИЙ ,ГЛАВА 
СУД ,АРЕСТОВАТЬ ,НАЧАЛЬНИК ,РЕСПУБЛИКАНСКИЙ ,ПОДПОЛКОВНИК 
СУД ,АРЕСТОВАТЬ ,ЧЛЕН ,СОВЕТ ,ДИРЕКТОР 
СУД ,АССОЦИИРОВАТЬСЬ ,БОЛЬШОЙ ,ПОЛИТИКА ,ПРИГОВОР 
СУД ,ВВЕСТИ ,ГЕНЕРАЛ-ЛЕЙТЕНАНТ ,УВИДЕТЬ ,ЖУРНАЛИСТ
СУД ,ВВЕСТИ ,ПРОЦЕДУРА ,НАБЛЮДЕНИЕ ,НАЗНАЧИТЬ 
СУД ,ВЕРНУТЬ ,ГОСУДАРСТВО ,АКЦИЯ ,ФИГУРИРОВАТЬ 
СУД ,ВЕРНУТЬ ,ДЕЛО ,ПЕРЕСМОТР ,ПРЕДСТАВИТЬ 
СУД ,ВЕРНУТЬ ,ДЕЛО ,ПРАВО ,НОВЫЙ 
СУД ,ВЕРНУТЬ ,ИНВАЛИД ,ДЕНЬГА ,УДЕРЖАТЬ 
СУД ,ВЕРНУТЬ ,РОСИМУЩЕСТВО ,БАРВИХА ,НЕЗАКОННЫЙ 
СУД ,ВЕРНУТЬ ,РОСИМУЩЕСТВО ,БАРВИХА ,НЕЗАКОННЫЙ 
СУД ,ВЕРНУТЬ ,ТВОРЧЕСТВО ,МУЖ , СЛОВО 
СУД ,ВЕСИТЬ ,СРОК ,НАЗНАЧИТЬ ,СУД 
СУД ,ВЕСТИ ,ОГРАНИЧЕНИЕ ,КОНКУРЕНЦИЯ ,ПОДЧЕРКИВАТЬ 
СУД ,ВЕСТИ ,ПРОЦЕСС ,ПОРА ,МЕНЕДЖМЕНТ 
СУД ,ВЗЫСКАТЬ ,ГОССОБСТВЕННОСТЬ , СЕГОДНЯ ,ВЫХОДИТЬ 
СУД ,ВЗЫСКАТЬ ,ПОЛЬЗА ,ПАССАЖИР ,ЗАДЕРЖАТЬСЯ 
СУД ,ВЗЫСКАТЬ ,СОРОКА ,ПОЛОВИНА ,РУБЛЬ 
СУД ,ВЗЯТЬ ,ПЕРЕРЫВ ,ЧАС ,ДЕНЬ 
СУД ,ВЗЯТЬ ,ПЕРЕРЫВ ,ЧАС ,ДЕНЬ 
СУД ,ВЗЯТЬ ,СТРАЖА ,МАЙОР ,ПРИГОВОР 
СУД ,ВКЛЮЧИТЬ ,РЕЕСТР ,КРЕДИТОР ,НОВЫЙ 
СУД ,ВКЛЮЧИТЬ ,РЕЕСТР ,ТРЕБОВАНИЕ ,КРЕДИТОР 
СУД ,ВНЯТЬ ,ДОВОД ,ПРОКУРАТУРА , ЯНВАРЬ 
СУД ,ВОЗВРАТИТЬ ,ГОСУДАРСТВО ,СРЕДСТВО ,ЖУРНАЛИСТ 
СУД ,ВОЗЛОЖИТЬ ,ВОЗМЕЩЕНИЕ ,УЩЕРБ ,ГОСПОДИН 
СУД ,ВОЗОБНОВИТЬ ,СЛУШАНИЕ ,ДЕЛО ,ЭКС-ГЛАВА
СУД ,ВОЗОБНОВИТЬСЯ ,СЛУШАНИЕ ,ДЕЛО ,ОФИЦЕР 
СУД ,ВСТАТЬ ,СТОРОНА ,БАНК ,ВОСПОЛЬЗОВАТЬСЯ 
СУД ,ВСТАТЬ ,СТОРОНА ,КРУПНЫЙ ,РАЗЫГРЫВАТЬ 
СУД ,ВСТАТЬ ,СТОРОНА ,ЭПИЗОД ,ПОДДЕРЖАТЬ 
СУД ,ВСТУПИТЬ ,СИЛА ,БЛИЖАЙШИЙ ,ВРЕМЯ 
СУД ,ВСТУПИТЬ ,СИЛА ,НОЯБРЬ ,ГОД 
СУД ,ВЫДАТЬ ,ОРДЕР ,АРЕСТ , БРАТЬ 
СУД ,ВЫДАТЬ ,ОРДЕР ,АРЕСТ ,ОПАЛЬНЫЙ 
СУД ,ВЫДАТЬ ,ОРДЕР ,АРЕСТ ,БРАЗИЛИЯ 
СУД ,ВЫДАТЬ ,РЕШЕНИЕ ,ПОЛЬЗА ,ВЫДАТЬ 
СУД ,ВЫДАТЬ ,САНКЦИЯ ,АРЕСТ , ЧЕТВЕРГ 
СУД ,ВЫДАТЬ ,САНКЦИЯ ,АРЕСТ ,БЕРЕЗОВСКИЙ 
СУД ,ВЫДАТЬ ,САНКЦИЯ ,АРЕСТ ,ГЕНДИРЕКТОР 
СУД ,ВЫДАТЬ ,САНКЦИЯ ,АРЕСТ ,ГЕНДИРЕКТОР 
СУД ,ВЫДАТЬ ,САНКЦИЯ ,АРЕСТ ,ЗАМЕСТИТЕЛЬ 
СУД ,ВЫДАТЬ ,САНКЦИЯ ,АРЕСТ ,ЗАОЧНО 
СУД ,ВЫДАТЬ ,САНКЦИЯ ,АРЕСТ ,ИНСПЕКТОР 
СУД ,ВЫДАТЬ ,САНКЦИЯ ,АРЕСТ ,ПРЕДПРИНИМАТЕЛЬ 
СУД ,ВЫДАТЬ ,САНКЦИЯ ,АРЕСТ ,ЧИНОВНИК 
СУД ,ВЫДАТЬ ,САНКЦИЯ ,АРЕСТ , ТОМ 
СУД ,ВЫДАТЬ ,САНКЦИЯ ,АРЕСТ ,ОЛИГАРХ 
СУД ,ВЫДАТЬ ,САНКЦИЯ ,ВЕСТИ ,ПОДАЧА 
СУД ,ВЫДАТЬ ,САНКЦИЯ ,ВЕСТИ ,ПОДАЧА 
СУД ,ВЫЗВАТЬ ,АЛЕКСЕЙ ,ФРЕНКЕЛЬ ,ИМЕТЬ 
СУД ,ВЫЗВАТЬ ,НЕДОВОЛЬСТВО ,НЫНЕШНИЙ ,БЫВШИЙ 
СУД ,ВЫЗВАТЬ ,СВИДЕТЕЛЬ ,ПЕНСИОНЕР ,ИГОРЬ 
СУД ,ВЫЗВАТЬ ,УДИВЛЕНИЕ ,АДВОКАТ , РОССИЙСКИЙ 
СУД ,ВЫИГРАТЬ , РЕЗУЛЬТАТ ,ПОЛУЧИТЬ ,АКЦИЯ 
СУД ,ВЫИГРАТЬ ,ПРЕДСТАВИТЕЛЬ ,ОБЩЕСТВЕННОСТЬ , ЛИДЕР 
СУД ,ВЫМОГАТЬ ,РУКОВОДИТЕЛЬ ,КОММЕРЧЕСКИЙ ,СТРУКТУРА 
СУД ,ВЫМОГАТЬ ,РУКОВОДИТЕЛЬ ,КОММЕРЧЕСКИЙ ,СТРУКТУРА 
СУД ,ВЫНЕСТИ ,ВЕРДИКТ ,НАЛИЧИЕ ,ДЕЙСТВИЕ 
СУД ,ВЫНЕСТИ ,ГОД ,ВРЕМЯ ,ДОКУМЕНТ 
СУД ,ВЫНЕСТИ ,ИТОГ ,РЕШЕНИЕ ,ВЗЫСКАНИЕ 
СУД ,ВЫНЕСТИ ,МЭР ,ПОЧТИ ,ПРИГОВОР 
СУД ,ВЫНЕСТИ ,НОЯБРЬ ,ПРЕДЫДУЩИЙ ,ЗАСЕДАНИЕ 
СУД ,ВЫНЕСТИ ,ОПРЕДЕЛЕНИЕ ,КАЧЕСТВО ,ОБЕСПЕЧИТЕЛЬНЫЙ 
СУД ,ВЫНЕСТИ ,ОПРЕДЕЛЕНИЕ ,КАЧЕСТВО ,ОБЕСПЕЧИТЕЛЬНЫЙ 
СУД ,ВЫНЕСТИ ,ОТКАЗ ,МОТИВИРОВАТЬ ,РЕШЕНИЕ 
СУД ,ВЫНЕСТИ ,ОТНОШЕНИЕ ,МУЖ ,ГОСПОЖА 
СУД ,ВЫНЕСТИ ,ОТНОШЕНИЕ ,ОБВИНИТЕЛЬНЫЙ ,ПРИГОВОР 
СУД ,ВЫНЕСТИ ,ПОЛЬЗА ,ГОД ,ГОД 
СУД ,ВЫНЕСТИ ,ПОЛЬЗА ,ГОД ,ГОД 
СУД ,ВЫНЕСТИ ,ПОСТАНОВЛЕНИЕ ,АРЕСТ , ЯНВАРЬ 
СУД ,ВЫНЕСТИ ,ПОСТАНОВЛЕНИЕ ,АРЕСТ ,РАМКА 
СУД ,ВЫНЕСТИ ,ПОСТАНОВЛЕНИЕ ,ОТНОШЕНИЕ , ВХОД 
СУД ,ВЫНЕСТИ ,ПОСТАНОВЛЕНИЕ ,ПРОВЕДЕНИЕ ,РЕФЕРЕНДУМ 
СУД ,ВЫНЕСТИ ,ПРИГОВОР ,БЫВШИЙ ,ИРАКСКИЙ 
СУД ,ВЫНЕСТИ ,ПРИГОВОР ,БЫВШИЙ ,НАЧАЛЬНИК 
СУД ,ВЫНЕСТИ ,ПРИГОВОР ,МОШЕННИК ,ВРЕМЯ 
СУД ,ВЫНЕСТИ ,ПРИГОВОР ,ОГЛАШЕНИЕ ,ПРОДОЛЖАТЬСЯ 
СУД ,ВЫНЕСТИ ,ПРИГОВОР ,СОТРУДНИК ,СТОЛИЧНЫЙ 
СУД ,ВЫНЕСТИ ,ПРИГОВОР ,СОТРУДНИК ,СТОЛИЧНЫЙ 
СУД ,ВЫНЕСТИ ,РЕШЕНИЕ ,АРЕСТ ,ВИЛЛА 
СУД ,ВЫНЕСТИ ,РЕШЕНИЕ ,ВИНА ,ДЕЛО 
СУД ,ВЫНЕСТИ ,РЕШЕНИЕ ,ЗАПРЕТ ,ДЕЯТЕЛЬНОСТЬ 
СУД ,ВЫНЕСТИ ,РЕШЕНИЕ ,ЗАПРЕТИТЬ ,ЗАО 
СУД ,ВЫНЕСТИ ,РЕШЕНИЕ ,ИСК ,РОДСТВЕННИК 
СУД ,ВЫНЕСТИ ,РЕШЕНИЕ ,ОБВИНЯЕМЫЙ ,МОШЕННИЧЕСТВО 
СУД ,ВЫНЕСТИ ,РЕШЕНИЕ ,ОБЕСПЕЧИТЕЛЬНЫЙ ,МЕРА 
СУД ,ВЫНЕСТИ ,РЕШЕНИЕ ,ОБЕСПЕЧИТЕЛЬНЫЙ ,МЕРА 
СУД ,ВЫНЕСТИ ,РЕШЕНИЕ ,ОТКАЗ ,УДОВЛЕТВОРЕНИЕ 
СУД ,ВЫНЕСТИ ,РЕШЕНИЕ ,ПОЗВОЛИТЬ ,МОНОПОЛИСТ 
СУД ,ВЫНЕСТИ ,РЕШЕНИЕ ,ПРАВО ,ОТЕЦ 
СУД ,ВЫНЕСТИ ,РЕШЕНИЕ ,ПРИОСТАНОВКА ,ДЕЯТЕЛЬНОСТЬ 
СУД ,ВЫНЕСТИ ,РЕШЕНИЕ ,ЧАСТИЧНЫЙ ,УДОВЛЕТВОРЕНИЕ 
СУД ,ВЫНОСИТЬ ,РЕШЕНИЕ ,ПОЛЬЗА ,ПОЛЬЗА 
СУД ,ВЫПЛАТИТЬ ,ЖИТЕЛЬ ,ЕВГЕНИЯ ,РУБЛЬ 
СУД ,ВЫПЛАЧИВАТЬ ,СЧЕТ ,ПРИБЫЛЬ ,СЕРГЕЙ 
СУД ,ВЫПУСТИТЬ ,КЛЕТКА ,СНЯТЬ ,НАРУЧНИК 
СУД ,ВЫСКАЗАТЬ ,НЕСОГЛАСИЕ ,УДОВЛЕТВОРЕНИЕ ,ХОДАТАЙСТВО 
СУД ,ВЫСКАЗЫВАТЬСЯ ,СУЩЕСТВО ,ДЕЛО , СУД 
СУД ,ВЫСЛУШАТЬ ,ЗАЩИТА , РАЗБРОД ,РЯД 
СУД ,ВЫСЛУШАТЬ ,ПРИГОВОР , ОБРАЗ ,СТАТЬ 
СУД ,ВЫСТУПИТЬ ,ПРОКУРОР ,ПОПРОСИТЬ ,НАЗНАЧИТЬ 
СУД ,ВЫСТУПИТЬ ,ПРОКУРОР ,ПОПРОСИТЬ ,НАЗНАЧИТЬ 
СУД ,ВЫСТУПИТЬ ,СВИДЕТЕЛЬ ,ЖИТЕЛЬ ,РАЙОН 
СУД ,ВЫЯСНИТЬ ,ДЕПУТАТ ,ДЕЛО , УЧАСТНИК 
СУД ,ВЫЯСНИТЬ ,РАЗМЕР ,СОСТОЯНИЕ ,ПОСЛЕДОВАТЬ 
СУД ,ВЫЯСНИТЬ ,РАЗМЕР ,СОСТОЯНИЕ ,ПОСЛЕДОВАТЬ 
СУД ,ВЫЯСНИТЬ ,ЧУВСТВО ,ЮМОР ,САРАТОВСКИЙ 
СУД ,ГОВОРИТЬ ,АДВОКАТ , ПОНЯТЬ ,ОБЫЧНЫЙ 
СУД ,ГОВОРИТЬ ,КНИГА ,ЗАКЛЮЧИТЬ ,АДВОКАТ 
СУД ,ГОВОРИТЬ ,НАМЕРЕНИЕ ,ВЗЫСКАТЬ ,ВЫСТАВИТЬ 
СУД ,ГОВОРИТЬ ,ПРЕДСТАВИТЕЛЬ , КОМПАНИЯ ,ПЛАНИРОВАТЬ 
СУД ,ГОВОРИТЬ ,СЛЕДОВАТЕЛЬ ,ПРЕДОСТАВИТЬ ,ДОСТАТОЧНЫЙ 
СУД ,ГОВОРИТЬ ,ТАРАСОВ ,МИХАЙЛОВ ,ВОЗМОЖНОСТЬ 
СУД ,ГОЛОСОВАТЬ ,АРЕСТОВАННЫЙ ,АКЦИЯ , ПРЕДСТАВИТЕЛЬ 
СУД ,ГОТОВИТЬСЯ ,ЗАЯВЛЕНИЕ ,СОДЕРЖАНИЕ , ВЧЕРА 
СУД ,ДАВАТЬ ,ОРДЕР ,АРЕСТ , НАБЛЮДАТЬ 
СУД ,ДАТЬ ,ВОЗМОЖНОСТЬ ,ТРУДИТЬСЯ ,ВОЗМЕСТИТЬ 
СУД ,ДАТЬ ,ГОД ,БОЛЬШЕ ,ПРОСИТЬ 
СУД ,ДАТЬ ,КИЛЛЕР ,ЛЕТА ,ТЮРЬМА 
СУД ,ДАТЬ ,КИЛЛЕР ,ЛЕТА ,ТЮРЬМА 
СУД ,ДАТЬ ,КИЛЛЕР ,ЛЕТА ,ТЮРЬМА 
СУД ,ДАТЬ ,ПРЕЗИДЕНТ ,ФИЛИПП ,КИРКОРОВ 
СУД ,ДАТЬ ,САНКЦИЯ ,АРЕСТ ,ЗАДЕРЖАННЫЙ 
СУД ,ДАТЬ ,САНКЦИЯ ,АРЕСТ ,РЕДАКТОР 
СУД ,ДАТЬ ,САНКЦИЯ ,АРЕСТ ,САНКЦИОНИРОВАТЬ 
СУД ,ДАТЬ ,САНКЦИЯ ,ПРОСЛУШИВАНИЕ ,МАЙ 
СУД ,ДЕЛАТЬ ,НАРУШЕНИЕ ,ЗАКОН ,РЯД 
СУД ,ДЕРЖАТЬ ,СТРАЖА ,ПЫТАТЬСЯ ,ВЫБИТЬ 
СУД ,ДЕРЖАТЬ ,СТРАЖА ,ПЫТАТЬСЯ ,ВЫБИТЬ 
СУД ,ДОБИТЬСЯ ,ОПРОВЕРЖЕНИЕ ,СДЕЛАТЬ ,ГОСПОДИН 
СУД ,ДОБИТЬСЯ ,ОПРОВЕРЖЕНИЕ ,СДЕЛАТЬ ,ЗАЯВЛЕНИЕ 
СУД ,ДОЙТИ ,ЭПИЗОД ,СБОР ,ДЕНЬГИ 
СУД ,ДОКАЗАТЬ ,НЕЗАКОННОСТЬ ,ПАРТИЙНЫЙ ,КОНФЕРЕНЦИЯ 
СУД ,ДОКАЗАТЬ ,НЕЗАКОННОСТЬ ,ПАРТИЙНЫЙ ,КОНФЕРЕНЦИЯ 
СУД ,ДОКАЗАТЬ ,ПРЕСТУПЛЕНИЕ ,СОВЕРШИТЬ ,НАЦИОНАЛЬНЫЙ 
СУД ,ДОКАЗАТЬ ,СХЕМА ,УВОД ,ДЕНЬГИ 
СУД ,ДОКАЗАТЬ ,ТОЧКА ,ЗРЕНИЕ ,ЗАНИМАТЬСЯ 
СУД ,ДОКАЗАТЬ ,ФАКТ ,ВВЕДЕНИЕ ,АУДИТОР 
СУД ,ДОКАЗАТЬ ,ФАКТ ,ВВЕДЕНИЕ ,АУДИТОР 
СУД ,ДОКАЗАТЬ ,ЧЛЕН ,ГРУППИРОВКА ,ПРЕВЫШЕНИЕ 
СУД ,ДОНАЧИСЛИТЬ ,МЕТАЛЛУРГ ,ПРОИГРАТЬ ,НАЛОГОВИК 
СУД ,ЕСТЬ ,РАСПОРЯЖЕНИЕ ,ГОД ,ГОСПОДИН 
СУД ,ЗАБЛОКИРОВАТЬ ,ПРОДАЖА ,ВЫНЕСТИ ,РЕШЕНИЕ 
СУД ,ЗАБЛОКИРОВАТЬ ,ПРОДАЖА ,ВЫНЕСТИ ,РЕШЕНИЕ 
СУД ,ЗАВАЛИТЬ ,ИСК ,СЕГОДНЯ ,СТРАСБУРГ 
СУД ,ЗАДАВАТЬ ,ВОПРОС ,ОБВИНЯЕМЫЙ ,ОРГАНИЗАЦИЯ 
СУД ,ЗАКЛЮЧИТЬ ,ДЕЙСТВИЕ ,ВАВИЛОВ ,ЕСТЬ 
СУД ,ЗАКОНЧИТЬСЬ ,ПОРА ,ДОГОВОРИТЬСЯ , СПОРТИВНЫЙ 
СУД ,ЗАКОНЧИТЬСЯ ,ПРЕНИЕ ,ДЕЛО ,БЫВШИЙ 
СУД ,ЗАМЕНИТЬ ,ГОД ,ЛИШЕНИЕ ,СВОБОДА 
СУД ,ЗАМЕНИТЬ ,КРЕДИТОР ,ЮГАНСКНЕФТЕГАЗ ,РОСНЕФТЬ 
СУД ,ЗАМЕТИТЬ ,ПРЕДСТАВИТЕЛЬ ,ЗАМЕСТИТЕЛЬ ,ПРЕДСЕДАТЕЛЬ 
СУД ,ЗАНИЗИТЬ ,СТАВКА ,ОЧЕРЕДЬ ,ПРЕДОСТАВЛЯТЬ 
СУД ,ЗАНЯТЬ ,МАЙОР ,АЛЕКСЕЙ , ТРОЙКА 
СУД ,ЗАНЯТЬ ,СТОРОНА ,ПОПРОСИТЬ ,ПОЛОВИНА 
СУД ,ЗАПРЕТИТЬ ,АДВОКАТ ,УЧАСТВОВАТЬ ,ПРОЦЕСС 
СУД ,ЗАПРЕТИТЬ ,АДВОКАТ ,УЧАСТВОВАТЬ ,ПРОЦЕСС 
СУД ,ЗАПРЕТИТЬ ,ГОСПОДИН ,БЫТЬ ,РУКОВОДИТЕЛЬ 
СУД ,ЗАПРЕТИТЬ ,ОРГАНИЗАЦИЯ ,ВОЗБУЖДАТЬ ,УГОЛОВНЫЙ 
СУД ,ЗАПРЕЩАТЬ ,ООО ,ПОТЕНЦИАЛ ,ИСПОЛЬЗОВАТЬ 
СУД ,ЗАПРЕЩАТЬ ,ПАРТИЯ ,СОЗДАТЬ ,РЕЛИГИОЗНЫЙ 
СУД ,ЗАСЛУШАТЬ ,ЯНВАРЬ , НАЛОГОВИК ,СПОРИТЬ 
СУД ,ЗАСЛУШАТЬ ,ЯНВАРЬ ,ВЫСШИЙ ,АРБИТРАЖНЫЙ 
СУД ,ЗАСУДИТЬ ,ЛУЖКОВ ,ПУХ ,ПРАХ 
СУД ,ЗАТРАГИВАТЬ ,КОМПЕТЕНЦИЯ , МОЧЬ ,ОТВЕЧАТЬ 
СУД ,ЗАТРАГИВАТЬ ,ТОМ ,ГОСПОДИН ,ПОСТАВИТЬ 
СУД ,ЗАЧЕСТЬ ,СРОК ,ЗАКЛЮЧЕНИЕ ,ПРЕБЫВАНИЕ 
СУД ,ЗАЧИТАТЬ ,ПРИГОВОР ,ВОЕННЫЙ ,РАЗВЕДЧИК 
СУД ,ЗАЯВИТЬ ,АДВОКАТ , МНЕНИЕ ,ЮРИСТ 
СУД ,ЗАЯВИТЬ ,БЫТНОСТЬ ,МИНИСТР ,ПОДЧИНЕННЫЙ 
СУД ,ЗАЯВИТЬ ,ГОСПОДИН ,ВОПРОС ,ТОМ 
СУД ,ЗАЯВИТЬ ,ГОСПОДИН ,ВОПРОС ,ТОМ 
СУД ,ЗАЯВИТЬ ,ЗАМЕСТИТЕЛЬ ,ГЕНДИРЕКТОР ,ГЕННАДИЙ 
СУД ,ЗАЯВИТЬ ,ЗАМЕСТИТЕЛЬ ,ГЛАВА ,ЮРИЙ 
СУД ,ЗАЯВИТЬ ,ОЛЕГ , ЗАМЕСТИТЕЛЬ ,ПРЕДСЕДАТЕЛЬ 
СУД ,ЗАЯВИТЬ ,ОЛЕГ , ИЕРАРХ ,ПРИЙТИ 
СУД ,ЗАЯВИТЬ ,ОЛЕГ ,ОФИЦИАЛЬНЫЙ ,САЙТ 
СУД ,ЗАЯВИТЬ ,ОТВОД ,СУДЬЯ , ИЗНАЧАЛЬНО 
СУД ,ЗАЯВИТЬ ,ТОМ ,СРАЗУ ,СОГЛАСИТЬСЯ 
СУД ,ЗАЯВИТЬ ,ТРЕЙДЕР ,УПЛАТИТЬ ,НАЛОГ 
СУД ,ИГРАТЬ , ПРИХОД ,АВИАКОМПАНИЯ ,ПАССАЖИР 
СУД ,ИДТИ ,ЕВРОПА , СУД ,ЛЕНИНСКИЙ 
СУД ,ИДТИ ,ПРОЦЕСС ,ОТКРЫТИЕ ,ИНФОРМАЦИЯ 
СУД ,ИЗБРАТЬ ,МЕРА ,ПРЕСЕЧЕНИЕ , ПРИБЫЛЬ 
СУД ,ИЗБРАТЬ ,МЕРА ,ПРЕСЕЧЕНИЕ , ЭКСПЕРТ 
СУД ,ИЗБРАТЬ ,МЕРА ,ПРЕСЕЧЕНИЕ ,ВИД 
СУД ,ИЗБРАТЬ ,МЕРА ,ПРЕСЕЧЕНИЕ ,ВИД 
СУД ,ИЗБРАТЬ ,МЕРА ,ПРЕСЕЧЕНИЕ ,ВИД 
СУД ,ИЗВИНИТЬСЯ ,ЛУЖКОВ , УХОДИТЬ ,ГОД 
СУД ,ИЗЛОЖИТЬ ,ТОМ ,ОБЪЕМ ,ПОЧТИ 
СУД ,ИЗМЕНИТЬ ,МЕРА ,ПРЕСЕЧЕНИЕ ,ПОДПИСКА 
СУД ,ИЗМЕНИТЬ ,РЕШЕНИЕ ,ПОВОД ,ВЗЫСКАНИЕ 
СУД ,ИЗМЕНИТЬ ,РЕШЕНИЕ ,СУД ,ИНСТАНЦИЯ 
СУД ,ИЗМЕНИТЬ ,РЕШЕНИЕ ,СУД ,ИНСТАНЦИЯ 
СУД ,ИЗУЧИТЬ ,ВЫСКАЗЫВАНИЕ ,МОЧЬ ,БЫТЬ 
СУД ,ИЗУЧИТЬ ,ДОКЛАД ,ПАРЛАМЕНТСКИЙ ,АССАМБЛЕЯ 
СУД ,ИЗУЧИТЬ ,ЗАКОННОСТЬ ,УКАЗ ,РАЗБЛОКИРОВАТЬ 
СУД ,ИНИЦИИРОВАТЬ ,ОБРАЩЕНИЕ ,ИСТЕЦ ,ИМЯ 
СУД ,ИСКЛЮЧИТЬ ,СОСТАВ ,УЧАСТНИК ,МОМЕНТ 
СУД ,ИСПОЛНЯТЬ ,РЕШЕНИЕ ,ТРИЖДЫ ,ВЫНОСИТЬ 
СУД ,ИСПОЛНЯТЬ ,РЕШЕНИЕ ,ТРИЖДЫ ,ВЫНОСИТЬ 
СУД ,ИСПОЛЬЗОВАТЬ ,ПОПРАВКА , ОЧЕРЕДЬ ,КРУГ 
СУД ,ИСПОЛЬЗОВАТЬ ,ПРИНЦИП ,ЧАСТИЧНЫЙ ,СЛОЖЕНИЕ 
СУД ,ИСТРЕБОВАТЬ ,ИНГОССТРАХ ,ГРАНИТ ,ДОКУМЕНТ 
СУД ,ИСХОДИТЬ ,ЗАКОНОДАТЕЛЬСТВО ,ОТСУТСТВИЕ ,РЕЗУЛЬТАТ 
СУД ,КАСАТЬСЯ ,ФРАЗА ,МАТЕРИАЛ ,ПОСВЯТИТЬ 
СУД ,КОНСТАТИРОВАТЬ ,НАРУШЕНИЕ ,СТАТЬЯ ,ЖИЗНЬ 
СУД ,КОНТРОЛИРОВАТЬ ,БОРИС ,БЕРЕЗОВСКИЙ ,  СКОРО 
СУД ,КУПИТЬ ,АКЦИЯ ,ДОЖИДАТЬСЯ ,ИСХОД 
СУД ,ЛЕЖАТЬ ,ИСК ,АЭРОПОРТ ,РАСТОРЖЕНИЕ 
СУД ,ЛЕЖАТЬ ,СОТНЯ ,ЗАЯВЛЕНИЕ ,РАССМАТРИВАТЬ 
СУД ,ЛИШИТЬ ,ГРАЖДАНСТВО ,УДОВЛЕТВОРИТЬ ,ЗАПРОС 
СУД ,МОТИВИРОВАТЬ ,ПРЕСТУПЛЕНИЕ ,СОВЕРШИТЬ ,ТЕРРИТОРИЯ 
СУД ,МОТИВИРОВАТЬ ,СЛЕДОВАТЕЛЬ ,НЕПРАВИЛЬНО ,ОФОРМИТЬ 
СУД ,МОТИВИРОВАТЬ ,СЛЕДОВАТЕЛЬ ,НЕПРАВИЛЬНО ,ОФОРМИТЬ 
СУД ,МОЧЬ ,ПОМОЧЬ ,ВЕРНУТЬСЯ ,ВЛАСТЬ 
СУД ,МОЧЬ ,ПОМОЧЬ ,КОМПАНИЯ , НАЛОГОВИК 
СУД ,НАЗВАТЬ ,ПРЕСТУПНИК , УВЕЛИЧИВАТЬСЯ ,ЧИСЛО 
СУД ,НАЗНАЧИТЬ ,АВГУСТ , ГЛАВА ,СВЯЗЫВАТЬ 
СУД ,НАЗНАЧИТЬ ,АВГУСТ ,СЛЕДСТВИЕ ,ПОДАТЬ 
СУД ,НАЗНАЧИТЬ ,ДЕКАБРЬ , ПОТОМ ,ВООБЩЕ 
СУД ,НАЗНАЧИТЬ ,ДОЛЖНОСТЬ ,ДЕНЬ ,ПОДАЧА 
СУД ,НАЗНАЧИТЬ ,ДОЛЖНОСТЬ ,ДЕНЬ ,ПОДАЧА 
СУД ,НАЗНАЧИТЬ ,ЛЕТА ,ЗАСЕДАНИЕ ,ЯВИТЬСЯ 
СУД ,НАЗНАЧИТЬ ,ЛИДЕР ,НАХОДИТЬСЯ ,ПОДПИСКА 
СУД ,НАЗНАЧИТЬ ,НАКАЗАНИЕ ,БЫВШИЙ ,ГЛАВА 
СУД ,НАЗНАЧИТЬ ,ПАВЕЛ ,АНИСИМОВ ,МИНИМАЛЬНЫЙ 
СУД ,НАЗНАЧИТЬ ,СРОК ,ОБВИНЯЕМЫЙ ,УЧЕТ 
СУД ,НАЗНАЧИТЬ ,ЧЛЕН ,ОРГАНИЗАЦИЯ ,АРБИТРАЖНЫЙ 
СУД ,НАЗНАЧИТЬ ,ЧЛЕН ,ОРГАНИЗАЦИЯ ,АРБИТРАЖНЫЙ 
СУД ,НАЗНАЧИТЬ ,ЯНВАРЬ , ПРЕДСТАВИТЕЛЬ ,ПОДТВЕРДИТЬ 
СУД ,НАЙТИ ,ОСНОВАНИЕ ,ДОВЕРЯТЬ ,СВЕДЕНИЕ 
СУД ,НАЙТИ ,ОСНОВАНИЕ ,НАЗНАЧЕНИЕ ,УСЛОВНЫЙ 
СУД ,НАЙТИ ,ПРИЗНАК ,МОШЕННИЧЕСТВО ,СЕНАТОР 
СУД ,НАЙТИ ,ПРИЧИНА ,СМЯГЧИТЬ ,НАКАЗАНИЕ 
СУД ,НАКАЗАТЬ ,ШТРАФ ,ПРИГОВОР ,ПЛАНИРОВАТЬ 
СУД ,НАЛОЖИТЬ ,АРЕСТ ,АКТИВ ,РАЗМЕР 
СУД ,НАЛОЖИТЬ ,АРЕСТ ,АКТИВ ,РАЗМЕР 
СУД ,НАЛОЖИТЬ ,АРЕСТ ,АКЦИЯ ,ОБЩИЙ 
СУД ,НАЛОЖИТЬ ,АРЕСТ ,АКЦИЯ ,ЛЕФОРТОВСКИЙ 
СУД ,НАЛОЖИТЬ ,АРЕСТ ,АРЕНДОВАТЬ ,ГОСПОДИН 
СУД ,НАЛОЖИТЬ ,АРЕСТ ,АРЕНДОВАТЬ ,УСАДЬБА 
СУД ,НАЛОЖИТЬ ,АРЕСТ ,АРЕНДОВАТЬ ,УСАДЬБА 
СУД ,НАЛОЖИТЬ ,АРЕСТ ,НЕДВИЖИМОСТЬ ,АРЕСТОВАТЬ 
СУД ,НАЛОЖИТЬ ,АРЕСТ ,НЕДВИЖИМОСТЬ ,ЛАЗУРНЫЙ 
СУД ,НАЛОЖИТЬ ,АРЕСТ ,КОЛИЧЕСТВО ,РАБОТНИК 
СУД ,НАЛОЖИТЬ ,АРЕСТ ,ПРОИЗВОДСТВЕННЫЙ ,ДЕЯТЕЛЬНОСТЬ 
СУД ,НАЛОЖИТЬ ,РЕСТОРАН ,ШТРАФ ,РАЗМЕР 
СУД ,НАНЕСТИ ,УЩЕРБ ,ГОСКОМПАНИЯ ,ЗАЯВИТЬ 
СУД ,НАНЕСТИ ,УЩЕРБ ,ГОСКОМПАНИЯ ,ЗАЯВИТЬ 
СУД ,НАПОМНИТЬ ,БАНКИР ,КОНЕЦ ,ПРОШЛЫЙ 
СУД ,НАПРАВИТЬ ,ДЕЛО ,СЕРГЕЙ ,БЫВШИЙ 
СУД ,НАПРАВИТЬ ,ИСК ,РЕГИОНАЛЬНЫЙ ,ВЛАСТЬ 
СУД ,НАПРАВИТЬ ,ПИСЬМО ,ЮРИДИЧЕСКИЙ ,КОНСУЛЬТАЦИЯ 
СУД ,НАПРАВИТЬ ,ЭПИЗОД ,ВЫДЕЛИТЬ ,УГОЛОВНЫЙ 
СУД ,НАСТАИВАТЬ ,ПРЕДСТАВИТЕЛЬ ,ОТВЕТЧИК ,ЗАЯВЛЯТЬ 
СУД ,НАСТАИВАТЬ ,ПРЕДСТАВИТЕЛЬ ,ОТВЕТЧИК ,ЗАЯВЛЯТЬ 
СУД ,НАСТАИВАТЬ ,ПРЕДСТАВИТЕЛЬ ,ОТВЕТЧИК ,ЗАЯВЛЯТЬ 
СУД ,НАСТАИВАТЬ ,ТЕНДЕР ,ПОСТАВКА ,ПРОГРАММА 
СУД ,НАХОДИТЬСЯ ,ДЕЛО ,ОТВЕТЧИК ,ЯВЛЯТЬСЯ 
СУД ,НАХОДИТЬСЯ ,ДЕЛО ,ОТВЕТЧИК ,ЯВЛЯТЬСЯ 
СУД ,НАХОДИТЬСЯ ,ПОДПИСКА ,НЕВЫЕЗД ,ПЕРЕПЕЧАТКА 
СУД ,НАЧАТЬСЯ ,ОГЛАШЕНИЕ ,ПРИГОВОР ,УГОЛОВНЫЙ 
СУД ,НАЧАТЬСЯ ,ОТВОД ,ЛИЧНО ,ЛЫСЕНКО 
СУД ,НАЧАТЬСЯ ,ОТВОД ,ЛИЧНО ,ЛЫСЕНКО 
СУД ,НАЧАТЬСЯ ,ПРОЦЕСС ,ДЕЛО ,БЫВШИЙ 
СУД ,НАЧАТЬСЯ ,ПРОЦЕСС ,УГОЛОВНЫЙ ,ДЕЛО 
СУД ,НАЧАТЬСЯ ,ПРОЦЕСС ,УГОЛОВНЫЙ ,ДЕЛО 
СУД ,НАЧАТЬСЯ ,РАССМОТРЕНИЕ ,ДЕЛО ,ОБВИНЕНИЕ 
СУД ,НАЧАТЬСЯ ,РАССМОТРЕНИЕ ,ДЕЛО ,ОТНОШЕНИЕ 
СУД ,НАЧАТЬСЯ ,РАССМОТРЕНИЕ ,ИСК ,ЛИДЕР 
СУД ,НАЧАТЬСЯ ,РАССМОТРЕНИЕ ,ИСК ,ОБЩЕСТВЕННЫЙ 
СУД ,НАЧАТЬСЯ ,РАССМОТРЕНИЕ ,УГОЛОВНЫЙ ,ДЕЛО 
СУД ,НАЧАТЬСЯ ,СЛУШАНИЕ ,ДЕЛО ,АНДРЕЙ 
СУД ,НАЧАТЬСЯ ,СЛУШАНИЕ ,ДЕЛО ,РОССИЙСКИЙ 
СУД ,НАЧАТЬСЯ ,СЛУШАНИЕ ,ДЕЛО ,РОССИЙСКИЙ 
СУД ,НАЧАТЬСЯ ,СРЕДА ,ГОТОВИТЬСЯ ,ВЫПУСТИТЬ 
СУД ,НАЧАТЬСЯ ,ЧТЕНИЕ ,ПРИГОВОР ,ОРГАНИЗАТОР 
СУД ,ОБВИНИТЬ ,КОМПАНИЯ ,НАРУШЕНИЕ ,ПРОФЕССИОНАЛЬНЫЙ 
СУД ,ОБВИНИТЬ ,НЕИСПОЛНЕНИЕ ,ИНВЕСТИЦИОННЫЙ ,ПРОГРАММА 
СУД ,ОБВИНИТЬ ,УБИЙСТВО , БРИГАДИР ,ВИКТОР 
СУД ,ОБВИНЯТЬ ,ОЛИГАРХ ,КРАЖА ,ДЕНЬГИ 
СУД ,ОБЖАЛОВАТЬ , ЛЕТА ,КОЛИЧЕСТВО ,ДЕЙСТВОВАТЬ 
СУД ,ОБЖАЛОВАТЬ ,ОТКАЗ ,РЕГИСТРАЦИЯ ,СОРАТНИК 
СУД ,ОБЖАЛОВАТЬ ,ПРИГОВОР ,СЛИШКОМ ,СТРОГИЙ 
СУД ,ОБЖАЛОВАТЬ ,ЯНВАРЬ ,ГОД ,ВСТУПИТЬ 
СУД ,ОБМАНУТЬ ,ВКЛАДЧИК , РАНЬШЕ ,ИНТЕРЕС 
СУД ,ОБНАРОДОВАТЬ , ВЕРСИЯ ,СЛЕДСТВИЕ ,ЯВЛЯТЬСЯ 
СУД ,ОБНАРУЖИТЬ ,ПРИЗНАК ,РАЗГЛАШЕНИЕ ,ВЧЕРА 
СУД ,ОБОСНОВАТЬ , РЕКОМЕНДАЦИЯ ,ЦЕННЫЙ ,БУМАГА 
СУД ,ОБОСНОВАТЬ ,ОТВЕТ ,АПЕЛЛЯЦИОННЫЙ ,СУД 
СУД ,ОБОСНОВАТЬ ,ОТВЕТ ,АПЕЛЛЯЦИОННЫЙ ,СУД 
СУД ,ОБОСНОВЫВАТЬ ,ПРЕДПОЛОЖЕНИЕ ,НАЛОГОВИК ,ТОМ 
СУД ,ОБРАТИТЬ ,ВНИМАНИЕ ,ХОРОШИЙ ,ФИНАНСОВЫЙ 
СУД ,ОБРАТИТЬСЯ ,АДМИНИСТРАЦИЯ ,ЗАВОД ,СТАЧКА 
СУД ,ОБРАТИТЬСЯ ,КАНДИДАТ ,ОЛЕГ ,ХРАМ 
СУД ,ОБРАТИТЬСЯ ,КАНДИДАТ ,ОЛЕГ ,ХРАМ 
СУД ,ОБРАЩАТЬСЯ , НАМЕРЕНИЕ ,ПРИОБРЕСТИ ,ПАКЕТ 
СУД ,ОБЪЕДИНИТЬ ,ИСК ,СЕМЬЯ ,НАЗНАЧИТЬ 
СУД ,ОБЪЯСНИТЬ ,БЕССМЫСЛЕННОСТЬ ,МЕРОПРИЯТИЕ ,СУД 
СУД ,ОБЪЯСНИТЬ ,РОССИЯНИН ,ПРИЙТИ ,СТОЛКНУТЬСЯ 
СУД ,ОБЯЗАТЬ ,АДВОКАТ ,ВЫПЛАТИТЬ ,РУБЛЬ 
СУД ,ОБЯЗАТЬ ,ИЗДАТЕЛЬ ,ОПУБЛИКОВАТЬ ,ОПРОВЕРЖЕНИЕ 
СУД ,ОБЯЗАТЬ ,МГТС ,ОПЛАТИТЬ ,СУДЕБНЫЙ 
СУД ,ОБЯЗАТЬ ,СОБСТВЕННИК ,АКЦИЯ ,ЗАВОД 
СУД ,ОБЯЗАТЬ ,СОБСТВЕННИК ,АКЦИЯ ,ЗАВОД 
СУД ,ОБЯЗАТЬ ,СТРУКТУРА ,ПРИНИМАТЬ ,УЧАСТИЕ 
СУД ,ОБЯЗАТЬ ,СТРУКТУРА ,ПРИНИМАТЬ ,УЧАСТИЕ 
СУД ,ОБЯЗАТЬ ,ТЕЧЕНИЕ ,ДЕНЬ ,ОТВЕТИТЬ 
СУД ,ОБЯЗАТЬ ,ЭКС-ПРЕМЬЕР ,ВЕРНУТЬ ,СОБСТВЕННОСТЬ
СУД ,ОГЛАСИТЬ ,ПРИГОВОР ,ИВАН ,СЫН 
СУД ,ОГЛАСИТЬ ,РЕШЕНИЕ ,ГРОМКИЙ ,ДЕЛО 
СУД ,ОГЛАСИТЬ ,РЕШЕНИЕ ,ГРОМКИЙ ,ДЕЛО 
СУД ,ОГРАНИЧИТЬСЯ ,ШТРАФ ,ИТОГ ,СУДЬЯ 
СУД ,ОДОБРИТЬ ,ВЕРДИКТ ,ПОВЕШЕНИЕ ,ОГЛАСИТЬ 
СУД ,ОКАЗАТЬ ,ДАВЛЕНИЕ ,СВИДЕТЕЛЬ ,ПОПЫТАТЬСЯ 
СУД ,ОПЛАТИТЬ ,КВИТАНЦИЯ ,МНЕНИЕ ,ЗАЩИТА 
СУД ,ОПРАВДАТЬ , ДАННЫЕ ,ВЕСТИ ,БОРЬБА 
СУД ,ОПРАВДАТЬ ,ФОТО ,СЕРГЕЙ , ЧЕСТЬ 
СУД ,ОПРЕДЕЛИТЬ ,МЕРА ,ВИНА ,СОТРУДНИК 
СУД ,ОПРЕДЕЛИТЬ ,МЕРА ,ПРЕСЕЧЕНИЕ ,УСТРОИТЬ 
СУД ,ОПРЕДЕЛИТЬ ,МЕРА ,ПРЕСЕЧЕНИЕ ,АДВОКАТ 
СУД ,ОПРЕДЕЛИТЬ ,МЕСТО ,ЖИТЕЛЬСТВО ,МАТЕРИТЬ 
СУД ,ОПРЕДЕЛИТЬ ,ПОРЯДОК ,ОБЩЕНИЕ ,МАЛОЛЕТНИЙ 
СУД ,ОПРЕДЕЛИТЬ ,ЧЛЕН ,БАНДА ,НАКАЗАНИЕ 
СУД ,ОПРЕДЕЛИТЬ ,ШТРАФ ,ИСХОДИТЬ ,КОЛИЧЕСТВО 
СУД ,ОПРОВЕРГАТЬ ,ДОВОД ,ЗВУЧАТЬ ,ЗАСЕДАНИЕ 
СУД ,ОПРОВЕРГАТЬ ,ДОВОД ,ЗВУЧАТЬ ,ЗАСЕДАНИЕ 
СУД ,ОСВОБОДИТЬ ,ЗАЛОГ , РУГАТЬСЯ ,СЛЫШАТЬ 
СУД ,ОСВОБОДИТЬ ,ЗАЛОГ ,ГЛАВА ,ВЛАДИМИР 
СУД ,ОСВОБОДИТЬ ,ЗАЛОГ ,СООБЩИТЬ ,АДВОКАТ 
СУД ,ОСВОБОДИТЬ ,ЗАЛОГ ,СООБЩИТЬ ,ИНТЕРФАКС 
СУД ,ОСВОБОДИТЬ ,ЗАЛОГ ,ОСОБЕННО ,ПОРАЗИТЬ 
СУД ,ОСВОБОДИТЬ ,ЗАЛОГ ,ПОНЯТИЕ ,ИМЕТЬ 
СУД ,ОСНОВАТЬ ,ЗАКОН ,ИЗДАТЕЛЬСКИЙ ,ГРУППА 
СУД ,ОСПАРИВАТЬ ,ЗАКОННОСТЬ ,РЕШЕНИЕ ,ЗАБАСТОВКА 
СУД ,ОСПАРИВАТЬ ,ЗАКОННОСТЬ ,РЕШЕНИЕ ,ЗАБАСТОВКА 
СУД ,ОСПАРИВАТЬ ,РЕШЕНИЕ ,ИЗЪЯТИЕ ,БЮДЖЕТ 
СУД ,ОСТАВИТЬ ,ЗАДЕРЖАННЫЙ ,ЧЛЕН ,БАСКСКИЙ 
СУД ,ОСТАВИТЬ ,ИЗМЕНЕНИЕ , ВОССТАНОВИТЬ ,ПОСТ 
СУД ,ОСТАВИТЬ ,ИЗМЕНЕНИЕ , ВСПОМИНАТЬСЯ ,ПОПЫТКА 
СУД ,ОСТАВИТЬ ,ИЗМЕНЕНИЕ ,РЕШЕНИЕ ,АРЕСТ 
СУД ,ОСТАВИТЬ ,ПРИГОВОР ,СИЛА ,СТАТЬ 
СУД ,ОСТАВИТЬ ,РЕШЕНИЕ ,СИЛА , АДВОКАТ 
СУД ,ОСТАВИТЬ ,РЕШЕНИЕ ,СИЛА , ДЕТЬ 
СУД ,ОСТАВИТЬ ,СИЛА ,РЕШЕНИЕ ,ДЕЙСТВИТЕЛЬНОСТЬ 
СУД ,ОСТАВИТЬ ,СИЛА ,РЕШЕНИЕ ,ЗАМОСКВОРЕЦКИЙ 
СУД ,ОСТАВИТЬ ,СИЛА ,РЕШЕНИЕ ,ЗАМОСКВОРЕЦКИЙ 
СУД ,ОСТАВИТЬ ,СИЛА ,РЕШЕНИЕ ,ЗАМОСКВОРЕЦКИЙ 
СУД ,ОСТАВИТЬ ,СИЛА ,РЕШЕНИЕ ,РАЙОННЫЙ 
СУД ,ОСТАВИТЬ ,СИЛА ,РЕШЕНИЕ ,СУД 
СУД ,ОСТАВИТЬ ,СТРАЖА ,МЕСЯЦ ,НАХОДИТЬСЯ 
СУД ,ОСУДИТЬ ,ГОД ,ЛИШЕНИЕ ,СВОБОДА 
СУД ,ОТВЕРГНУТЬ ,ДОВОД ,ЗАЩИТА ,ТОМ 
СУД ,ОТВЕРГНУТЬ ,ДОВОД ,ЗАЩИТА ,ТОМ 
СУД ,ОТВЕРГНУТЬ ,ДОВОД ,ТОМ ,ФИРМА 
СУД ,ОТВЕРГНУТЬ ,ДОВОД ,ТОМ ,ФИРМА 
СУД ,ОТДАВАТЬ ,СТРЕЛОЧНИК , МНОГО ,ХОРОШИЙ 
СУД ,ОТДАТЬ ,НАЧАЛЬНИК ,ГЕНЕРАЛ , ПОДРОБНОСТЬ 
СУД ,ОТДАТЬ ,НАЧАЛЬНИК ,МИНОБОРОНЫ ,ГЕНЕРАЛ 
СУД ,ОТДАТЬ ,СИЛОВИК , ДАННЫЕ ,ПОСЛЕДНИЙ 
СУД ,ОТДАТЬ ,СИЛОВИК , ДАННЫЕ ,ПРОКУРАТУРА 
СУД ,ОТДАТЬ ,ГРИГОРИЙ ,НАЗВАТЬ ,ВОПРОС 
СУД ,ОТКАЗАТЬ ,БИЗНЕСМЕН ,ОПРОВЕРЖЕНИЕ , ПОВОД 
СУД ,ОТКАЗАТЬ ,ВЛЕЧЕНИЕ ,СУД ,РЕШИТЬ 
СУД ,ОТКАЗАТЬ ,ВЫДАЧА ,РОССИЙСКИЙ ,СТОРОНА 
СУД ,ОТКАЗАТЬ ,ГРАНИТ ,УДОВЛЕТВОРЕНИЕ ,ЖАЛОБА 
СУД ,ОТКАЗАТЬ ,ЕВРОЦЕМЕНТ ,УДОВЛЕТВОРЕНИЕ ,ЗАЯВИТЬ 
СУД ,ОТКАЗАТЬ ,ЖАЛОБА , ИТОГ ,БОЛЬШИНСТВО 
СУД ,ОТКАЗАТЬ ,ИСК ,ВПОСЛЕДСТВИИ ,РЕШЕНИЕ 
СУД ,ОТКАЗАТЬ ,КОМПАНИЯ ,ПОДКОНТРОЛЬНЫЙ ,АМЕРИКАНСКИЙ 
СУД ,ОТКАЗАТЬ ,ОБЖАЛОВАНИЕ ,СМЕРТНЫЙ ,ПРИГОВОР 
СУД ,ОТКАЗАТЬ ,ОСВОБОЖДЕНИЕ ,БЫВШИЙ ,ПОЛКОВНИК 
СУД ,ОТКАЗАТЬ ,ОСВОБОЖДЕНИЕ ,ВЫНЕСЕНИЕ ,РЕШЕНИЕ 
СУД ,ОТКАЗАТЬ ,ПРАВО ,АКЦИЯ ,ПРОДАТЬ 
СУД ,ОТКАЗАТЬ ,ПРЕДСТАВИТЕЛЬ ,ОБВИНИТЬ ,КОНТРАБАНДА 
СУД ,ОТКАЗАТЬ ,ПРОВЕДЕНИЕ ,РЕФЕРЕНДУМ , НАТАЛЬЯ 
СУД ,ОТКАЗАТЬ ,ПРОДЛЕНИЕ ,СОДЕРЖАНИЕ ,СТРАЖА 
СУД ,ОТКАЗАТЬ ,ПРОСЬБА ,АДВОКАТ ,РЕШИТЬ 
СУД ,ОТКАЗАТЬ ,РОСИМУЩЕСТВО ,УДОВЛЕТВОРЕНИЕ ,ПРОСЬБА 
СУД ,ОТКАЗАТЬ ,УДОВЛЕТВОРЕНИЕ ,ЖАЛОБА ,АДВОКАТ 
СУД ,ОТКАЗАТЬ ,УДОВЛЕТВОРЕНИЕ ,ЖАЛОБА ,ПЫТАТЬСЯ 
СУД ,ОТКАЗАТЬ ,УДОВЛЕТВОРЕНИЕ ,ЗАЯВИТЬ ,ТРЕБОВАНИЕ 
СУД ,ОТКАЗАТЬ ,УДОВЛЕТВОРЕНИЕ ,КАССАЦИОННЫЙ ,ЖАЛОБА 
СУД ,ОТКАЗАТЬ ,УДОВЛЕТВОРЕНИЕ ,КАССАЦИОННЫЙ ,ЖАЛОБА 
СУД ,ОТКАЗАТЬ ,УДОВЛЕТВОРЕНИЕ ,ПРЕТЕНЗИЯ , ПРЕДСТАВИТЕЛЬ 
СУД ,ОТКАЗАТЬ ,УДОВЛЕТВОРЕНИЕ ,ПРЕТЕНЗИЯ , ПРЕДСТАВИТЕЛЬ 
СУД ,ОТКАЗАТЬ ,УДОВЛЕТВОРЕНИЕ ,ПРОСЬБА ,ВОЗМЕЩЕНИЕ 
СУД ,ОТКАЗАТЬ ,ЭКС-ПРЕЗИДЕНТ ,ОБЖАЛОВАНИЕ ,ВЫНЕСТИ
СУД ,ОТКАЗАТЬ ,ЭКСТРАДИЦИЯ , ПОСЛЕДНИЙ ,ВРЕМЯ 
СУД ,ОТКАЗАТЬСЯ , ПРЕСС-СЕКРЕТАРЬ ,СВЕРДЛОВСКИЙ ,РЕГИОНАЛЬНЫЙ
СУД ,ОТКЛОНИТЬ , КОНФЛИКТ ,УЛАДИТЬ ,ВСПЫХНУТЬ 
СУД ,ОТКЛОНИТЬ , РАСШИРЕНИЕ ,СОСТАВ ,АКЦИОНЕР 
СУД ,ОТКЛОНИТЬ ,АПЕЛЛЯЦИЯ ,РОССИЙСКИЙ ,СТОРОНА 
СУД ,ОТКЛОНИТЬ ,БОЛЬШИНСТВО ,ХОДАТАЙСТВО ,ЮРИСТ 
СУД ,ОТКЛОНИТЬ ,ЖАЛОБА ,АКЦИОНЕР ,ВИП-БАНК
СУД ,ОТКЛОНИТЬ ,ЖАЛОБА ,АКЦИОНЕР ,НЕЗАКОННОСТЬ 
СУД ,ОТКЛОНИТЬ ,ЖАЛОБА ,ОСТАВИТЬ ,ИЗМЕНЕНИЕ 
СУД ,ОТКЛОНИТЬ ,ЖАЛОБА ,ПРАВИТЕЛЬСТВО ,РОССИЯ 
СУД ,ОТКЛОНИТЬ ,ЖАЛОБА ,РЕШЕНИЕ ,ИНСТАНЦИЯ 
СУД ,ОТКЛОНИТЬ ,ЖАЛОБА ,СУД ,ПРЕДСТАВИТЕЛЬ 
СУД ,ОТКЛОНИТЬ ,ИСК ,БЫВШИЙ ,ГЛАВА 
СУД ,ОТКЛОНИТЬ ,ИСК ,ЗАО ,ПРИЗНАНИЕ 
СУД ,ОТКЛОНИТЬ ,ИСК ,ОПЕРАТОР ,АВТОМОБИЛЬНЫЙ 
СУД ,ОТКЛОНИТЬ ,ИСК ,ОПЕРАТОР ,АВТОМОБИЛЬНЫЙ 
СУД ,ОТКЛОНИТЬ ,ИСК ,ОПЕРАТОР ,АВТОМОБИЛЬНЫЙ 
СУД ,ОТКЛОНИТЬ ,ИСК ,ПРИЗНАНИЕ ,НЕДЕЙСТВИТЕЛЬНЫЙ 
СУД ,ОТКЛОНИТЬ ,ИСК ,СПРАВЕДЛИВЕЦ ,ТРЕБОВАТЬ 
СУД ,ОТКЛОНИТЬ ,ХОДАТАЙСТВО ,АДВОКАТ ,ТВЕРСКОЙ 
СУД ,ОТКЛОНИТЬ ,ХОДАТАЙСТВО ,ЗАЩИТА , РЕЗУЛЬТАТ 
СУД ,ОТКЛОНИТЬ ,ХОДАТАЙСТВО ,ПРИНЯТЬ ,ВНИМАНИЕ 
СУД ,ОТКЛОНИТЬ ,АЛЕКСАНДР ,СИЛОН , ПРЕДСТАВИТЕЛЬ 
СУД ,ОТЛОЖИТЬ ,АПРЕЛЬ ,ОГЛАШЕНИЕ ,ПРИГОВОР 
СУД ,ОТЛОЖИТЬ ,МЕСЯЦ ,СЛУШАНИЕ ,АУДИТ 
СУД ,ОТЛОЖИТЬ ,РАССМОТРЕНИЕ ,ДЕЛО ,ПРЕДСТАВИТЕЛЬ 
СУД ,ОТЛОЖИТЬ ,СЛУШАНИЕ ,ПЯТНИЦА ,ПРЕДОСТАВИТЬ 
СУД ,ОТМЕНИТЬ ,ВЕРДИКТ ,ШИРОКИЙ ,РЕЗОНАНС 
СУД ,ОТМЕНИТЬ ,ЗАБАСТОВКА , РУКОВОДСТВО ,ОРГАНИЗОВАТЬ 
СУД ,ОТМЕНИТЬ ,МЕРА ,ОБЕСПЕЧЕНИЕ ,ИСК 
СУД ,ОТМЕНИТЬ ,ПОСТАНОВЛЕНИЕ ,СЛЕДСТВИЕ ,ВОЗБУЖДЕНИЕ 
СУД ,ОТМЕНИТЬ ,ПРИГОВОР ,МЯГКОСТЬ ,ГЕНПРОКУРАТУРА 
СУД ,ОТМЕНИТЬ ,РАЗРЕШЕНИЕ ,ВЫДАТЬ ,СОВЕТ 
СУД ,ОТМЕНИТЬ ,РЕГИСТРАЦИЯ , СЛОВО ,СТРЕМИТЬСЯ 
СУД ,ОТМЕНИТЬ ,РЕГИСТРАЦИЯ ,ВЫБОРЫ ,ДУМА 
СУД ,ОТМЕНИТЬ ,РЕШЕНИЕ ,ИЗБИРКОМ ,ОКРУГ 
СУД ,ОТМЕНИТЬ ,РЕШЕНИЕ ,МАЙ ,ВНОВЬ 
СУД ,ОТМЕНИТЬ ,РЕШЕНИЕ ,НАЛОГОВИК ,ОТКАЗАТЬ 
СУД ,ОТМЕНИТЬ ,РЕШЕНИЕ ,ПРИЗНАТЬ ,НЕДЕЙСТВИТЕЛЬНЫЙ 
СУД ,ОТМЕНИТЬ ,УКАЗ ,ЕЛЬЦИН , КОНЕЦ 
СУД ,ОТМЕНИТЬ ,УКАЗ ,РОСПУСК ,ГЛАВА 
СУД ,ОТМЕНИТЬ ,УКАЗ ,ПАС ,ОТКАЗАТЬСЯ 
СУД ,ОТМЕНЯТЬ ,ВЕРДИКТ ,ВОЗВРАЩАТЬ ,ДЕЛО 
СУД ,ОТМЕЧАТЬ ,УПРАВЛЯЮЩИЙ ,ПАРТНЕР ,КОМПАНИЯ 
СУД ,ОТОЗВАТЬ ,ПОНЕДЕЛЬНИК ,ПОЛНОСТЬЮ ,ПЕРЕВЕСТИ 
СУД ,ОТПРАВИТЬ ,РЕШЕТКА ,ПОЛКОВНИК ,ГОД 
СУД ,ОТПУСТИТЬ ,ЗАЛОГ ,РУБЛЬ , СООБЩИТЬ 
СУД ,ОТПУСТИТЬ ,ТОВАРИЩ ,ЛИЧНЫЙ ,ПОРУЧИТЕЛЬСТВО 
СУД ,ОТСТРАНИТЬ ,ДОЛЖНОСТЬ ,ГЛАВА ,АДМИНИСТРАЦИЯ 
СУД ,ОЦЕНИТЬ ,УЩЕРБ ,НАНЕСТИ ,ГОСПОДИН 
СУД ,ОШТРАФОВАТЬ ,ГЛАВА ,ПРАВИТЕЛЬСТВО ,РУБЛЬ 
СУД ,ПЕРЕДАТЬ ,ДЕЛО ,КОНТРАБАНДНЫЙ ,ПОСТАВКА 
СУД ,ПЕРЕДАТЬ ,ДЕЛО ,ПОКУШЕНИЕ ,ДЕПУТАТ 
СУД ,ПЕРЕДАТЬ ,ДЕНЬ ,СЛУЧАЙ ,ПРОДОЛЖИТЬ 
СУД ,ПЕРЕДАТЬ ,ДЕНЬ ,СЛУЧАЙ ,ПРОДОЛЖИТЬ 
СУД ,ПЕРЕДАТЬ ,ПРИКАЗ ,УНИЧТОЖЕНИЕ ,ПАССАЖИР 
СУД ,ПЕРЕДАТЬ ,ПРИКАЗ ,УНИЧТОЖЕНИЕ ,ПАССАЖИР 
СУД ,ПЕРЕДАТЬ ,СУД ,РАССМОТРЕНИЕ ,ИСК 
СУД ,ПЕРЕНАПРАВИТЬ ,ДЕЛО ,СУД ,ГОРОД 
СУД ,ПЕРЕНАПРАВИТЬ ,ИСК ,ХОРОШЕВСКИЙ ,СУД 
СУД ,ПЕРЕНЕСТИ ,РАССМОТРЕНИЕ ,ДЕЛО ,СДЕЛАТЬ 
СУД ,ПЕРЕНЕСТИ ,РАССМОТРЕНИЕ ,ДЕЛО ,СДЕЛАТЬ 
СУД ,ПЕРЕЧИСЛИТЬ ,МЭР ,РУБЛЬ ,СУММА 
СУД ,ПИСАТЬ ,ЯНВАРЬ ,ИТОГ ,НАЛОГОВЫЙ 
СУД ,ПИСАТЬ ,ЯНВАРЬ ,ИТОГ ,НАЛОГОВЫЙ 
СУД ,ПОВЛИЯТЬ ,ОБЯЗАННОСТЬ ,УСЛОВИЕ ,ЯВЛЯТЬСЯ 
СУД ,ПОВТОРИТЬ ,ЧЕТВЕРГ ,ОБВИНЯЕМЫЙ ,ГРОМКИЙ 
СУД ,ПОДАТЬ ,ЖАЛОБА ,АРЕСТ ,ЗАМ 
СУД ,ПОДАТЬ ,ИСК ,ОТКЛОНИТЬ ,ОТСУТСТВИЕ 
СУД ,ПОДАТЬ ,ИСК ,ПРЕМЬЕРА ,ТИМОШЕНКО 
СУД ,ПОДАТЬ ,КАССАЦИЯ , ДОЛЛАР ,ПОТРАТИТЬ 
СУД ,ПОДАТЬ ,ПРЕДСТАВИТЕЛЬ ,ЗАТЕМ ,МЭР 
СУД ,ПОДАТЬ ,ПРОВЕДЕНИЕ ,ВНЕОЧЕРЕДНОЙ ,ИНСПЕКЦИЯ 
СУД ,ПОДАТЬ ,РЯД ,ИСК ,ТЕЛЕКОММУНИКАЦИОННЫЙ 
СУД ,ПОДАТЬ ,ФИРМА ,РЕГИСТРАТОР ,КОМПАНИЯ 
СУД ,ПОДВЕСТИ ,КОНВОЙ ,ПОДСУДИМЫЙ ,ПРОЙТИ 
СУД ,ПОДДЕРЖАТЬ , АКЦИОНЕР ,РОЗНИЧНЫЙ ,СЕТЬ 
СУД ,ПОДДЕРЖАТЬ , ГОСПОДИН , ГОСПОДИН ,БУНИН 
СУД ,ПОДДЕРЖАТЬ ,ИСК ,РЕШЕНИЕ ,ПОЗВОЛЯТЬ 
СУД ,ПОДДЕРЖАТЬ ,ПОЗИЦИЯ ,УДОВЛЕТВОРИТЬ ,РЕШЕНИЕ 
СУД ,ПОДДЕРЖАТЬ ,ПОЗИЦИЯ ,УДОВЛЕТВОРИТЬ ,РЕШЕНИЕ 
СУД ,ПОДДЕРЖАТЬ ,СПОР , СУД ,ПРИГОВОРИТЬ 
СУД ,ПОДДЕРЖАТЬ , АРМИЯ ,ВОССТАНОВИТЬСЯ ,ИНСТИТУТ 
СУД ,ПОДДЕРЖАТЬ ,ЗАО ,ВЛАДЕЛЕЦ ,РОССИЙСКИЙ 
СУД ,ПОДТВЕРДИТЬ ,АУДИТ ,ЗАПЛАТИТЬ ,НАЛОГ 
СУД ,ПОДТВЕРДИТЬ ,АУДИТ ,ЗАПЛАТИТЬ ,НАЛОГ 
СУД ,ПОДТВЕРДИТЬ ,АУДИТ ,ЗАПЛАТИТЬ ,НАЛОГ 
СУД ,ПОДТВЕРДИТЬ ,ЗАКОННОСТЬ ,ДОНАЧИСЛЕНИЕ ,КОМПАНИЯ 
СУД ,ПОДТВЕРДИТЬ ,ЗАКОННОСТЬ ,ПРЕТЕНЗИЯ ,КРУПНЕЙШИЙ 
СУД ,ПОДТВЕРДИТЬ ,ЗАПРЕТ ,РЕГИСТРИРОВАТЬ ,БЛОКИРОВКА 
СУД ,ПОДТВЕРДИТЬ ,ПОЗИЦИЯ ,ЧИНОВНИК ,ВЫСОКИЙ 
СУД ,ПОДТВЕРДИТЬ ,ПРЕТЕНЗИЯ ,РУБЛЬ ,РАСПОРЯЖЕНИЕ 
СУД ,ПОДТВЕРДИТЬ ,ПРИКАЗ ,РФ ,ОТЗЫВ 
СУД ,ПОДТВЕРДИТЬ ,ПРОЖИВАНИЕ ,РЕБЕНОК ,ОПРЕДЕЛИТЬ 
СУД ,ПОДТВЕРДИТЬ ,РЕШЕНИЕ ,АРБИТРАЖ , ВСТРЕТИТЬСЯ 
СУД ,ПОДТВЕРДИТЬ ,РЕШЕНИЕ ,НИЖЕСТОЯЩИЙ ,ИНСТАНЦИЯ 
СУД ,ПОДТВЕРДИТЬ ,РЕШЕНИЕ ,ПРЕДЫДУЩИЙ ,ИНСТАНЦИЯ 
СУД ,ПОДТВЕРДИТЬ ,РЕШЕНИЕ ,СНОС ,ДОМ 
СУД ,ПОДТВЕРДИТЬ ,РЕШЕНИЕ ,СУД ,ИНСТАНЦИЯ 
СУД ,ПОДТВЕРДИТЬ ,РЕШЕНИЕ ,СУД ,ИНСТАНЦИЯ 
СУД ,ПОДТВЕРДИТЬ ,РЕШЕНИЕ ,УПРАВЛЕНИЕ ,НАРУШЕНИЕ 
СУД ,ПОДЧЕРКНУТЬ ,АДВОКАТ , УСЛЫШАТЬ ,МНОГО 
СУД ,ПОЗОРИТЬСЯ ,КОНЕЦ ,ПОДДЕРЖАТЬ ,ЧИТИНСКИЙ 
СУД ,ПОЙТИ , ЗАЩИТА ,ЗАЯВИТЬ ,ОБЖАЛОВАТЬ 
СУД ,ПОЙТИ , СУД ,ПОСЧИТАТЬ ,ДОКАЗАТЬ 
СУД ,ПОКАЗАТЬ ,ХОЗЯИН ,ДОМ ,ЗАЯВИТЬ 
СУД ,ПОКАЗАТЬ ,ХОЗЯИН ,ДОМ ,ЗАЯВИТЬ 
СУД ,ПОЛАГАТЬ ,ЕВГЕНИЙ ,ОТМЕЧАТЬ ,НЕМНОГО 
СУД ,ПОЛАГАТЬ ,ЕВГЕНИЙ ,ОТМЕЧАТЬ ,СИБИРЬ 
СУД ,ПООБЕЩАТЬ ,ГОСПОДИН ,КАШТАН ,АДВОКАТ 
СУД ,ПООБЕЩАТЬ ,ПОМОЧЬ ,ПРОКОФЬЕВ ,РЕШЕНИЕ 
СУД ,ПООБЕЩАТЬ ,ПОМОЧЬ ,ПРОКОФЬЕВ ,РЕШЕНИЕ 
СУД ,ПОПРОСИТЬ ,ПРОВЕДЕНИЕ ,ДОПОЛНИТЕЛЬНЫЙ ,СЛЕДСТВЕННЫЙ 
СУД ,ПОСЛЕДОВАТЬ ,ПРИМЕР ,ГОСКОМПАНИЯ ,ОТМЕЧАТЬ 
СУД ,ПОСТАВИТЬ ,ТОЧКА ,НАШУМЕТЬ ,ДЕЛО 
СУД ,ПОСТАНОВИТЬ ,ГОД ,КОМПАНИЯ ,БРАТЬ 
СУД ,ПОСТАНОВИТЬ ,ЗАЯВЛЕНИЕ ,ПРОКУРАТУРА ,МОСКВА 
СУД ,ПОСТАНОВИТЬ ,ЗАЯВЛЕНИЕ ,ПРОКУРАТУРА ,УДОВЛЕТВОРИТЬ 
СУД ,ПОСТАНОВИТЬ ,НАЛОГОВИК ,НАПРАВЛЯТЬ ,ИЗЛИШЕК 
СУД ,ПОСТАНОВИТЬ ,ОСНОВАТЕЛЬ ,МММ ,ВЫПЛАТИТЬ 
СУД ,ПОСТАНОВИТЬ ,ОСНОВАТЕЛЬ ,МММ ,ВЫПЛАТИТЬ 
СУД ,ПОСТАНОВИТЬ ,ОТКАЗ ,РЕГИСТРАЦИЯ ,ПАРТИЯ 
СУД ,ПОСТАНОВИТЬ ,ОТКАЗ ,РЕГИСТРАЦИЯ ,ПАРТИЯ 
СУД ,ПОСТАНОВИТЬ ,СОБСТВЕННОСТЬ ,КАРТИНА ,ОПРЕДЕЛЯТЬСЯ 
СУД ,ПОСТУПИТЬ ,ДЕЛО ,ПРЕКРАТИТЬ ,СОХРАНИТЬ 
СУД ,ПОСТУПИТЬ ,ХОДАТАЙСТВО ,ЗАОЧНЫЙ ,АРЕСТ 
СУД ,ПОСЧИТАТЬ ,АГИТАЦИЯ ,ЧИНОВНИК ,РАБОТАТЬ 
СУД ,ПОСЧИТАТЬ ,КАСЬЯНОВ ,ДОБРОСОВЕСТНЫЙ ,ПРИОБРЕТАТЕЛЬ 
СУД ,ПОСЧИТАТЬ ,РУКОВОДИТЕЛЬ ,МЕНЕДЖЕР ,ПРЕСЛЕДОВАТЬ 
СУД ,ПОСЧИТАТЬ ,СРОК ,ИСПРАВИТЬ ,ОШИБКА 
СУД ,ПОСЧИТАТЬ ,СРОК ,ИСПРАВИТЬ ,ОШИБКА 
СУД ,ПОТЕРПЕТЬ ,ПОРАЖЕНИЕ ,ГОСТ ,НАРУЖНЫЙ 
СУД ,ПОТРЕБОВАТЬ ,КАЧЕСТВО ,КОМПЕНСАЦИЯ ,РУБЛЬ 
СУД ,ПОТРЕБОВАТЬ ,ПРЕДСТАВИТЕЛЬ ,КОМПАНИЯ ,ОБЪЯСНИТЬ 
СУД ,ПОТРЕБОВАТЬ ,ПРЕДСТАВИТЕЛЬ ,ОБЪЯСНИТЬ ,ЦЕЛЬ 
СУД ,ПОТРЕБОВАТЬ ,РУКОВОДСТВО ,ПРЕКРАТИТЬ ,ПОБОРЫ 
СУД ,ПОТРЕБОВАТЬСЯ ,ТЕСТ ,ПРОВЕСТИ ,ЭКСПЕРТНЫЙ 
СУД ,ПОЯВИТЬСЯ ,ИСК ,ГЛАВА ,ВЕДОМСТВО 
СУД ,ПОЯСНИТЬ , ГЛАВА ,ВОЗГЛАВИТЬ ,ОБЩЕСТВЕННЫЙ 
СУД ,ПОЯСНИТЬ ,ЗАСЕДАНИЕ ,ПЕРЕНЕСТИ ,СВЯЗЬ 
СУД ,ПОЯСНИТЬ ,ХОДОРКОВСКИЙ ,ПРОСИТЬ ,УЧАСТИЕ 
СУД ,ПРЕДОСТАВИТЬ ,ВОЗМОЖНОСТЬ ,СДЕЛАТЬ ,ЗАЯВЛЕНИЕ 
СУД ,ПРЕДОСТАВИТЬ ,ХАРАКТЕРИСТИКА ,СКАЗАТЬ ,ИМЕТЬ 
СУД ,ПРЕДОСТАВИТЬ ,ХАРАКТЕРИСТИКА ,ЮРИЙ ,СКАЗАТЬ 
СУД ,ПРЕДСТАВЛЯТЬ ,ЮРИСТ ,МИНОРИТАРНЫЙ ,АКЦИОНЕР 
СУД ,ПРЕДСТАТЬ ,ВЛАДЕЛИЦА ,РЕСТОРАН ,ЛИАНА 
СУД ,ПРЕДУСМОТРЕТЬ ,ЗАКОНОДАТЕЛЬСТВО ,ВТОРГАТЬСЯ ,КОМПЕТЕНЦИЯ 
СУД ,ПРЕДЪЯВИТЬ ,АГЕНТ ,РОССИЙСКИЙ ,ВНЕШНИЙ 
СУД ,ПРЕДЪЯВИТЬ ,ВАВИЛОВ ,ОБВИНЕНИЕ ,ОБРАТИТЬСЯ 
СУД ,ПРЕДЪЯВИТЬ ,ОБВИНЕНИЕ ,ИЗМЕНА ,СОТРУДНИЧЕСТВО 
СУД ,ПРЕДЪЯВИТЬ ,ТРЕБОВАНИЕ ,ВОЗМЕЩЕНИЕ ,УЩЕРБ 
СУД ,ПРЕДЪЯВЛЯТЬ ,КОМПАНИЯ ,УГОЛОВНЫЙ ,ПРЕТЕНЗИЯ 
СУД ,ПРЕДЪЯВЛЯТЬ ,КОМПАНИЯ ,УГОЛОВНЫЙ ,ПРЕТЕНЗИЯ 
СУД ,ПРЕКРАТИТЬ ,ДЕЛО ,ВЫНЕСТИ ,ОПРАВДАТЕЛЬНЫЙ 
СУД ,ПРЕКРАТИТЬ ,ДЕЛО ,ОТНОШЕНИЕ , БОЛЕЗНЕННЫЙ 
СУД ,ПРЕКРАТИТЬ ,ПРОИЗВОДСТВО ,ИСК ,ОТНОШЕНИЕ 
СУД ,ПРЕКРАТИТЬ ,ПРОИЗВОДСТВО ,ИСК ,ОТНОШЕНИЕ 
СУД ,ПРЕКРАТИТЬ ,ПРОИЗВОДСТВО ,ИСК ,ЧИНОВНИК 
СУД ,ПРЕКРАТИТЬ ,ПРОИЗВОДСТВО ,ОТМЕНИТЬ ,РЕШЕНИЕ 
СУД ,ПРИВЛЕЧЬ ,БАНК ,ПРОЦЕСС ,ТРЕТЬЯ 
СУД ,ПРИВЛЕЧЬ ,БАНК ,ТРЕТЬЯ ,ЛИЦО 
СУД ,ПРИВЛЕЧЬ ,ПРОЦЕСС , КАЧЕСТВО ,ЭКСПЕРТНЫЙ 
СУД ,ПРИВЛЕЧЬ ,ЮЖКУЗБАССУГОЛЬ ,АДМИНИСТРАТИВНЫЙ ,ОТВЕТСТВЕННОСТЬ 
СУД ,ПРИВОДИТЬ ,СЛОВО ,ГЕНДИРЕКТОР , УСЛОВИЕ 
СУД ,ПРИГОВОРИТЬ ,ВЗЯТОЧНИЦА ,НАКАЗАНИЕ , ПОДПОЛКОВНИК 
СУД ,ПРИГОВОРИТЬ ,ВЛАДИМИР ,АЛЕКСАНДРА ,АЛЕКСЕЙ 
СУД ,ПРИГОВОРИТЬ ,ГОД ,ЗАКЛЮЧЕНИЕ ,БЫВШИЙ 
СУД ,ПРИГОВОРИТЬ ,ГОД ,КОЛОНИЯ ,ОБЩИЙ 
СУД ,ПРИГОВОРИТЬ ,ГОД ,ЛИШЕНИЕ ,СВОБОДА 
СУД ,ПРИГОВОРИТЬ ,ГОСПОДИН ,АНИСИМОВ ,ПОЛОВИНА 
СУД ,ПРИГОВОРИТЬ ,ЗАКЛЮЧЕНИЕ ,СРОК ,ЛЕТА 
СУД ,ПРИГОВОРИТЬ ,ЗЛОУПОТРЕБЛЕНИЕ ,ДОЛЖНОСТНОЙ ,ПОЛНОМОЧИЕ 
СУД ,ПРИГОВОРИТЬ ,МАЙОР ,АЛЕКСЕЙ ,ГОД 
СУД ,ПРИГОВОРИТЬ ,МЕСЯЦ ,ЛИШЕНИЕ ,СВОБОДА 
СУД ,ПРИГОВОРИТЬ ,МЭР ,ГОД ,УСЛОВНО 
СУД ,ПРИГОВОРИТЬ ,ОСНОВАТЕЛЬ ,ФИНАНСОВЫЙ ,ПИРАМИДА 
СУД ,ПРИГОВОРИТЬ ,ПОДСУДИМЫЙ ,ЛИШЕНИЕ ,СВОБОДА 
СУД ,ПРИГОВОРИТЬ ,ПОЛОВИНА ,ГОД ,ЗАКЛЮЧЕНИЕ 
СУД ,ПРИГОВОРИТЬ ,ПОЛОВИНА ,ГОД ,КОЛОНИЯ 
СУД ,ПРИГОВОРИТЬ ,ПОЛОВИНА ,ГОД ,ЛИШЕНИЕ 
СУД ,ПРИГОВОРИТЬ ,ПОЛОВИНА ,ГОД ,ТЮРЬМА 
СУД ,ПРИГОВОРИТЬ ,СОЗДАТЕЛЬ ,МММ ,КОНСТРУКТОР 
СУД ,ПРИГОВОРИТЬ ,ШТРАФ ,ПОСТАВИТЬ ,УДАР 
СУД ,ПРИГОВОРИТЬ ,ЭКС-ГЛАВА ,ГОД ,КОЛОНИЯ
СУД ,ПРИГОВОРИТЬ ,ЭКС-ГЛАВА ,ГОД ,ВЧЕРА
СУД ,ПРИГОВОРИТЬ ,ЭКС-ГЛАВА ,ИРАКСКИЙ ,РАЗВЕДКА
СУД ,ПРИГОВОРИТЬ ,ЭКС-ГЛАВА ,МИНАТОМ ,ЕВГЕНИЯ
СУД ,ПРИГОВОРИТЬ ,ЭКС-ЛИДЕР ,РНЕ ,ГОД
СУД ,ПРИГОВОРИТЬ ,ЭКС-МИНИСТР ,АТОМНЫЙ ,ЭНЕРГИЯ
СУД ,ПРИДТИ ,ГЕНДИРЕКТОР ,ФОТО ,ВЕДОМОСТЬ 
СУД ,ПРИЗНАТЬ ,АУДИТОР ,ФАКТИЧЕСКИЙ ,УЧАСТНИК 
СУД ,ПРИЗНАТЬ ,БАНКРОТ , МАЙ ,УВЕДОМИТЬ 
СУД ,ПРИЗНАТЬ ,БЕРЕЗОВСКИЙ ,ВИНОВНАЯ ,СТАТЬЯ 
СУД ,ПРИЗНАТЬ ,ВИНОВНАЯ ,БЫВШИЙ ,ГЛАВА 
СУД ,ПРИЗНАТЬ ,ВИНОВНАЯ ,БЫВШИЙ ,ГЛАВА 
СУД ,ПРИЗНАТЬ ,ВИНОВНАЯ ,ВОРОВСТВО ,ТЕХНОЛОГИЯ 
СУД ,ПРИЗНАТЬ ,ВИНОВНАЯ ,КРУПНЫЙ ,МОШЕННИЧЕСТВО 
СУД ,ПРИЗНАТЬ ,ВИНОВНАЯ ,КРУПНЫЙ ,МОШЕННИЧЕСТВО 
СУД ,ПРИЗНАТЬ ,ВИНОВНАЯ ,МОШЕННИЧЕСТВО ,ПРИГОВОРИТЬ 
СУД ,ПРИЗНАТЬ ,ВИНОВНАЯ ,ПРИГОВОРИТЬ ,ГОД 
СУД ,ПРИЗНАТЬ ,ВИНОВНАЯ ,ПРИГОВОРИТЬ ,ГОД 
СУД ,ПРИЗНАТЬ ,ВИНОВНАЯ ,РАСПРАВА ,ЖИТЕЛЬ 
СУД ,ПРИЗНАТЬ ,ВИНОВНАЯ ,СТАТЬЯ ,МОШЕННИЧЕСТВО 
СУД ,ПРИЗНАТЬ ,ВИНОВНАЯ ,ХИЩЕНИЕ ,РУБЛЬ 
СУД ,ПРИЗНАТЬ ,ВИНОВНАЯ ,ЧАСТЬ ,СТАТЬЯ 
СУД ,ПРИЗНАТЬ ,ВИНОВНАЯ ,ИСКЛЮЧАТЬ ,ОТНОШЕНИЕ 
СУД ,ПРИЗНАТЬ ,ГОД ,ФАКТИЧЕСКИЙ ,УЧАСТНИК 
СУД ,ПРИЗНАТЬ ,ГОД ,ФАКТИЧЕСКИЙ ,УЧАСТНИК 
СУД ,ПРИЗНАТЬ ,ДЕЙСТВИЕ ,НЕЗАКОННЫЙ ,ОБЯЗАТЬ 
СУД ,ПРИЗНАТЬ ,ДОВОД ,СПРАВЕДЛИВЫЙ ,ОТМЕНИТЬ 
СУД ,ПРИЗНАТЬ ,ДОГОВОР ,ДЕЙСТВОВАТЬ ,КОНТРАКТ 
СУД ,ПРИЗНАТЬ ,ДОГОВОР ,ЦЕНТР ,ДЕЙСТВОВАТЬ 
СУД ,ПРИЗНАТЬ ,ЗАБАСТОВКА ,НЕЗАКОННЫЙ , АКТРИСА 
СУД ,ПРИЗНАТЬ ,ЗАБАСТОВКА ,НЕЗАКОННЫЙ , РАЗГОРАТЬСЯ 
СУД ,ПРИЗНАТЬ ,ЗАБАСТОВКА ,НЕЗАКОННЫЙ ,КОНВЕЙЕР 
СУД ,ПРИЗНАТЬ ,ЗАБАСТОВКА ,НЕЗАКОННЫЙ ,ФОРМАЛЬНЫЙ 
СУД ,ПРИЗНАТЬ ,ИСПОЛЬЗОВАНИЕ ,СХЕМА ,ПОЗВОЛИТЬ 
СУД ,ПРИЗНАТЬ ,КНИГА ,ЭКСТРЕМИСТСКИЙ , РУССКИЙ 
СУД ,ПРИЗНАТЬ ,ЛИДЕР ,ОППОЗИЦИОННЫЙ ,НЕДОБРОСОВЕСТНЫЙ 
СУД ,ПРИЗНАТЬ ,ЛИДЕР ,ОППОЗИЦИОННЫЙ ,РОССИЙСКИЙ 
СУД ,ПРИЗНАТЬ ,МАЙ ,ГОД ,ВИНОВНАЯ 
СУД ,ПРИЗНАТЬ ,МЭР ,ВИНОВНАЯ ,ПРИГОВОРИТЬ 
СУД ,ПРИЗНАТЬ ,НАЛИЧИЕ ,ДЕЙСТВИЕ ,СОСТАВ 
СУД ,ПРИЗНАТЬ ,ОРГАНИЗАТОР ,ПРЕСТУПНЫЙ ,СООБЩЕСТВО 
СУД ,ПРИЗНАТЬ ,ОТВЕТЧИК ,ВИНОВНАЯ ,КЛЕВЕТА 
СУД ,ПРИЗНАТЬ ,ПЕРЕПЕЧАТКА ,СТАТЬЯ ,ВЕДОМОСТЬ 
СУД ,ПРИЗНАТЬ ,ПЕРЕПЕЧАТКА ,СТАТЬЯ ,ВЕДОМОСТЬ 
СУД ,ПРИЗНАТЬ ,ПЕРЕПЕЧАТКА ,СТАТЬЯ ,САЙТ 
СУД ,ПРИЗНАТЬ ,ПОЗИЦИЯ ,ОБВИНЕНИЕ ,УТВЕРЖДАТЬ 
СУД ,ПРИЗНАТЬ ,ПОТЕРПЕВШАЯ , ВРЕМЯ ,КНЯЗЕВ 
СУД ,ПРИЗНАТЬ ,ПРАВОТА ,ИСТЕЦ ,ДЕЙСТВИЕ 
СУД ,ПРИЗНАТЬ ,ПРАВОТА ,ИСТЕЦ ,ОБЯЗАТЬ 
СУД ,ПРИЗНАТЬ ,ПРАВОТА ,НАДЗОРНЫЙ ,ОРГАН 
СУД ,ПРИЗНАТЬ ,ПРАВОТА ,НАДЗОРНЫЙ ,ОРГАН 
СУД ,ПРИЗНАТЬ ,ПРАВОТА ,НАДЗОРНЫЙ ,ОРГАН 
СУД ,ПРИЗНАТЬ ,ПРАВОТА ,РОССВЯЗЬНАДЗОР ,ПРОВЕРКА 
СУД ,ПРИЗНАТЬ ,ПРАВОТА ,СЛЕДСТВИЕ ,ВОПРОС 
СУД ,ПРИЗНАТЬ ,ПРАВОТА ,СЛЕДСТВИЕ ,ВОПРОС 
СУД ,ПРИЗНАТЬ ,ПРЕТЕНЗИЯ ,ИЗДАТЕЛЬ ,ОБОСНОВАТЬ 
СУД ,ПРИЗНАТЬ ,ПРЕТЕНЗИЯ ,ИЗДАТЕЛЬ ,ОБОСНОВАТЬ 
СУД ,ПРИЗНАТЬ ,ПРИВАТИЗАЦИЯ ,ЗАКОННЫЙ ,ПРОИСХОДИТЬ 
СУД ,ПРИЗНАТЬ ,ПРИЗНАК ,ПРЕСТУПЛЕНИЕ ,ЗАЩИТНИК 
СУД ,ПРИЗНАТЬ ,ПРОВЕДЕНИЕ ,СЛЕДСТВИЕ ,НАРУШАТЬ 
СУД ,ПРИЗНАТЬ ,ПРОВЕДЕНИЕ ,СЛЕДСТВИЕ ,НАРУШАТЬ 
СУД ,ПРИЗНАТЬ ,ПРОВЕДЕНИЕ ,СЛЕДСТВИЕ ,ОТНОШЕНИЕ 
СУД ,ПРИЗНАТЬ ,ПРОВЕДЕНИЕ ,СЛЕДСТВИЕ ,ЧИТА 
СУД ,ПРИЗНАТЬ ,РЕПУТАЦИЯ ,БАНК ,СНИЖЕНИЕ 
СУД ,ПРИЗНАТЬ ,РЕШЕНИЕ ,НАЛОГОВИК ,КОРРЕКТИРОВКА 
СУД ,ПРИЗНАТЬ ,РЕШЕНИЕ ,НАЛОГОВИК ,КОРРЕКТИРОВКА 
СУД ,ПРИЗНАТЬ ,РЕШЕНИЕ ,РАБОЧИЙ ,ЗАВОД 
СУД ,ПРИЗНАТЬ ,РЕШЕНИЕ ,ТАМОЖЕННИК ,НЕДЕЙСТВИТЕЛЬНЫЙ 
СУД ,ПРИЗНАТЬ ,РЕШЕНИЕ ,ТАМОЖЕННИК ,НЕДЕЙСТВИТЕЛЬНЫЙ 
СУД ,ПРИЗНАТЬ ,РЕШЕНИЕ ,ТАМОЖЕННИК ,НЕДЕЙСТВИТЕЛЬНЫЙ 
СУД ,ПРИЗНАТЬ ,РЕШЕНИЕ ,ЦЕНТРИЗБИРКОМ ,АПРЕЛЬ 
СУД ,ПРИЗНАТЬ ,РОДСТВЕННИК ,ЖЕРТВА ,АВИАТЕРАКТ 
СУД ,ПРИЗНАТЬ ,СЕРГЕЙ ,МАВРОДИ ,ВИНОВНАЯ 
СУД ,ПРИЗНАТЬ ,СОГЛАШЕНИЕ ,ДЕЙСТВИТЕЛЬНЫЙ ,УДАТЬСЯ 
СУД ,ПРИЗНАТЬ ,СООБЩНИК ,ВИНОВНАЯ ,НЕЗАКОННЫЙ 
СУД ,ПРИЗНАТЬ ,СОТРУДНИК ,ВИНОВНАЯ ,ПРЕВЫШЕНИЕ 
СУД ,ПРИЗНАТЬ ,СОЮЗПЛОДОИМПОРТ ,СТРУКТУРА , ЗАСЕДАНИЕ 
СУД ,ПРИЗНАТЬ ,СТРУКТУРА , ТОГДА ,СУМЕТЬ 
СУД ,ПРИЗНАТЬ ,ТРЕБОВАНИЕ ,КРЕДИТОР ,АКТИВ 
СУД ,ПРИЗНАТЬ ,ФОНД ,ОСНОВА ,НАЛОГОВЫЙ 
СУД ,ПРИЗНАТЬ ,ХУЦИШВИЛИ ,ВИНОВНАЯ ,НЕПРЕДУМЫШЛЕННЫЙ 
СУД ,ПРИЗНАТЬ ,ХУЦИШВИЛИ ,ВИНОВНАЯ ,НЕПРЕДУМЫШЛЕННЫЙ 
СУД ,ПРИЗНАТЬ ,ЮКОС ,БАНКРОТ ,ВВЕСТИ 
СУД ,ПРИЗНАТЬ ,ЮКОС ,БАНКРОТ ,ВВЕСТИ 
СУД ,ПРИЙТИ ,ВЫВОД ,ДЕЯТЕЛЬНОСТЬ ,ГОСПОДИН 
СУД ,ПРИЙТИ ,ВЫВОД ,ДЕЯТЕЛЬНОСТЬ ,ПОСТ 
СУД ,ПРИЙТИ ,ВЫВОД ,СТРУКТУРА ,ПОДКОНТРОЛЬНЫЙ 
СУД ,ПРИЙТИ ,ВЫВОД ,СТРУКТУРА ,ПОДКОНТРОЛЬНЫЙ 
СУД ,ПРИЙТИ ,ПОМОЩЬ ,ЖЕРТВА ,ГЛУМЛЕНИЕ 
СУД ,ПРИЛЕГАТЬ ,УЛИЦА ,БЛОКИРОВАТЬ ,СИЛА 
СУД ,ПРИНЕСТИ ,НЕОЖИДАННОСТЬ ,СЧИТАТЬ ,КАРИНА 
СУД ,ПРИНИМАТЬ ,ВНИМАНИЕ ,ВЫВОД ,АУДИТОР 
СУД ,ПРИНИМАТЬ ,ВНИМАНИЕ ,ВЫВОД ,АУДИТОР 
СУД ,ПРИНИМАТЬ ,РЕШЕНИЕ ,АРЕСТ ,УЧЕСТЬ 
СУД ,ПРИНИМАТЬ ,РЕШЕНИЕ ,ИСПОЛНЕНИЕ ,ПРИГОВОР 
СУД ,ПРИНИМАТЬ ,РЕШЕНИЕ ,ПОЛЬЗА ,ОПЕРАТОР 
СУД ,ПРИНИМАТЬ ,РЕШЕНИЕ ,ПОЛЬЗА ,ОПЕРАТОР 
СУД ,ПРИНЯТЬ ,ВНИМАНИЕ ,НАЛИЧИЕ ,ПОДСУДИМЫЙ 
СУД ,ПРИНЯТЬ ,ВНИМАНИЕ ,УТВЕРЖДЕНИЕ ,СЛЕДСТВИЕ 
СУД ,ПРИНЯТЬ ,ВНИМАНИЕ ,УТВЕРЖДЕНИЕ ,СЛЕДСТВИЕ 
СУД ,ПРИНЯТЬ ,ДЕЛО ,ПРИЗНАНИЕ ,ОБЩЕСТВЕННЫЙ 
СУД ,ПРИНЯТЬ ,ИСК ,ОТЗЫВ ,ЛИЦЕНЗИЯ 
СУД ,ПРИНЯТЬ ,ОБЕСПЕЧЕНИЕ ,ИСК ,ООО 
СУД ,ПРИНЯТЬ ,ПОСТАНОВЛЕНИЕ ,ВЫДАЧА ,ОРДЕР 
СУД ,ПРИНЯТЬ ,ПРОЦЕСС ,МНОГОЧИСЛЕННЫЙ ,ДОКУМЕНТ 
СУД ,ПРИНЯТЬ ,РАССМОТРЕНИЕ ,ИСКОВЫЙ ,ЗАЯВЛЕНИЕ 
СУД ,ПРИНЯТЬ ,РЕШЕНИЕ ,АРЕСТ ,ФРЕНКЕЛЬ 
СУД ,ПРИНЯТЬ ,РЕШЕНИЕ ,ВЗЫСКАТЬ ,АВИАКОМПАНИЯ 
СУД ,ПРИНЯТЬ ,РЕШЕНИЕ ,ВОПРОС ,ЛЕЧЕНИЕ 
СУД ,ПРИНЯТЬ ,РЕШЕНИЕ ,ВОПРОС ,ЛЕЧЕНИЕ 
СУД ,ПРИНЯТЬ ,РЕШЕНИЕ ,ВОССТАНОВИТЬ ,СРОК 
СУД ,ПРИНЯТЬ ,РЕШЕНИЕ ,ВЫПЛАТИТЬ ,МАРИЯ 
СУД ,ПРИНЯТЬ ,РЕШЕНИЕ ,ДЕЛО ,ГОЛЛАНДСКИЙ 
СУД ,ПРИНЯТЬ ,РЕШЕНИЕ ,ЗАКЛЮЧИТЬ ,СТРАЖА 
СУД ,ПРИНЯТЬ ,РЕШЕНИЕ ,КОМПЕНСАЦИЯ ,ДОЛЛАР 
СУД ,ПРИНЯТЬ ,РЕШЕНИЕ ,КОМПЕНСАЦИЯ ,МИХАЙЛОВ 
СУД ,ПРИНЯТЬ ,РЕШЕНИЕ ,ОПИРАТЬСЯ ,ФАКТ 
СУД ,ПРИНЯТЬ ,РЕШЕНИЕ ,ОПИРАТЬСЯ ,ФАКТ 
СУД ,ПРИНЯТЬ ,РЕШЕНИЕ ,ПОЛНЫЙ ,МЕРА 
СУД ,ПРИНЯТЬ ,РЕШЕНИЕ ,ПОЛЬЗА ,ИСТЕЦ 
СУД ,ПРИНЯТЬ ,РЕШЕНИЕ ,ПРОВЕСТИ ,ЭКСПЕРТИЗА 
СУД ,ПРИНЯТЬ ,РЕШЕНИЕ ,ПРОВЕСТИ ,ЭКСПЕРТИЗА 
СУД ,ПРИНЯТЬ ,РЕШЕНИЕ ,УДОВЛЕТВОРЕНИЕ ,ИСКОВЫЙ 
СУД ,ПРИНЯТЬ ,РЕШЕНИЕ ,УКЛОНИТЬСЯ ,ПРАВОВОЙ 
СУД ,ПРИНЯТЬ ,РЕШЕНИЕ ,УТВЕРДИТЬ ,КАЧЕСТВО 
СУД ,ПРИНЯТЬ ,РЕШЕНИЕ ,ЭКСТРАДИЦИЯ ,ДОСТАВИТЬ 
СУД ,ПРИНЯТЬ ,УЧАСТИЕ ,ЧИТИНСКИЙ ,ВПЕРВЫЕ 
СУД ,ПРИОБЩИТЬ ,ДЕЛО , ДАЛЕЕ ,ПРОШЛЫЙ 
СУД ,ПРИОБЩИТЬ ,ДЕЛО ,МЕДИЦИНСКИЙ ,СПРАВКА 
СУД ,ПРИСУТСТВОВАТЬ ,ПРИЧИНА ,БОЛЕЗНЬ ,ИНТЕРЕС 
СУД ,ПРИСУТСТВОВАТЬ ,СЛОВО ,АДВОКАТ ,АЛЕКСАНДРА 
СУД ,ПРОАНАЛИЗИРОВАТЬ ,СВЯЗЬ ,КОМПАНИЯ ,АДРЕС 
СУД ,ПРОАНАЛИЗИРОВАТЬ ,СВЯЗЬ ,КОМПАНИЯ ,АДРЕС 
СУД ,ПРОВЕРИТЬ ,ДОВОД ,НАЛОГОВИК ,НЕПРАВИЛЬНО 
СУД ,ПРОВЕСТИ ,РЕШЕТКА ,ЛЕТА , НАПОМНИТЬ 
СУД ,ПРОВЕСТИ ,РЕШЕТКА ,ЛЕТА , НЕОПРЕДЕЛЕННОСТЬ 
СУД ,ПРОВЕСТИ ,СЛУШАНИЕ ,ОСОБЫЙ ,ПОРЯДОК 
СУД ,ПРОДАТЬ ,ДОЛЯ ,СНИЗИТЬ ,ПАКЕТ 
СУД ,ПРОДЛИТЬ ,АПРЕЛЬ ,АРЕСТ ,ЗАММИНИСТРА 
СУД ,ПРОДЛИТЬ ,АПРЕЛЬ ,СОДЕРЖАНИЕ ,СТРАЖА 
СУД ,ПРОДЛИТЬ ,АПРЕЛЬ ,СРОК ,СОДЕРЖАНИЕ 
СУД ,ПРОДЛИТЬ ,РЕШЕНИЕ ,СОВЕТ ,ФЕДЕРАЦИЯ 
СУД ,ПРОДЛИТЬ ,СРОК ,АРЕСТ ,АПРЕЛЬ 
СУД ,ПРОДЛИТЬ ,СРОК ,СОДЕРЖАНИЕ ,СТРАЖА 
СУД ,ПРОДЛИТЬ ,СРОК ,СОДЕРЖАНИЕ ,СТРАЖА 
СУД ,ПРОДЛИТЬ ,ФЕВРАЛЬ ,ГОД ,СРОК 
СУД ,ПРОДЛИТЬ ,ЯНВАРЬ ,СРОК ,СОДЕРЖАНИЕ 
СУД ,ПРОДОЛЖАТЬСЯ ,ГОД ,ПОДРОБНЫЙ , ТЯНУТЬСЬ 
СУД ,ПРОДОЛЖИТЬ ,ОГЛАШЕНИЕ ,ПРИГОВОР ,БЫВШИЙ 
СУД ,ПРОДОЛЖИТЬ ,РАССМОТРЕНИЕ ,ДЕЛО ,АУДИТ 
СУД ,ПРОИГРАТЬ ,МАЙКОП ,ПРОИЗОЙТИ ,СЕНСАЦИЯ 
СУД ,ПРОЙТИ ,ПИКЕТ ,ПОДДЕРЖКА ,ВЗЯТЬ 
СУД ,ПРОЙТИ ,ПРЕНИЕ ,ДЕЛО ,БЫВШИЙ 
СУД ,ПРОЙТИ ,ПРЕНИЕ ,ДЕЛО ,БЫВШИЙ 
СУД ,ПРОЙТИ ,ПРЕНИЕ ,ИСК ,ЦИК 
СУД ,ПРОЙТИ ,ПРЕНИЕ ,СТОРОНА ,ДЕЛО 
СУД ,ПРОЙТИ ,ПРЕНИЕ ,СТОРОНА ,ДЕЛО 
СУД ,ПРОЙТИ ,ПРОЦЕСС ,ПРИНЕСТИ ,УСПЕХ 
СУД ,ПРОКОММЕНТИРОВАТЬ ,ЗАЩИТА ,ПОЗИЦИЯ ,СУД 
СУД ,ПРОРАБОТАТЬ ,ЛЕТА ,РАЙОН ,КРАЙНИЙ 
СУД ,ПРОСТАИВАТЬ , ОБСУЖДЕНИЕ ,СОВМЕСТНЫЙ ,ПРОЕКТ 
СУД ,ПРОСТИТЬ ,КОНСОРЦИУМ , ВЧЕРА ,ПРИЗНАТЬ 
СУД ,ПРОСТИТЬ ,КОНСОРЦИУМ , ДЕНЬГИ ,ПРИНЕСТИ 
СУД ,ПРОХОДИТЬ ,УЧАСТИЕ ,ПРИСЯЖНЫЙ ,ПРИЗНАТЬ 
СУД ,ПРОЯВИТЬ ,ГУМАНИЗМ , АДВОКАТ ,СОТРУДНИК 
СУД ,ПРОЯВИТЬ ,ГУМАНИЗМ ,ВС ,ОТКАЗАТЬСЯ 
СУД ,РАБОТАТЬ ,СТРУКТУРА ,МОМЕНТ ,ВЫНЕСЕНИЕ 
СУД ,РАЗОБРАТЬСЯ ,ТРЕБОВАНИЕ ,ИСТЕЦ ,СУД 
СУД ,РАЗОБРАТЬСЯ ,ТРЕБОВАНИЕ ,ИСТЕЦ ,СУД 
СУД ,РАЗРЕШИТЬ ,ГАЗЕТА ,ПУБЛИКОВАТЬ ,МАТЕРИАЛ 
СУД ,РАЗРЕШИТЬ ,МОСКВА ,ВОЗБУДИТЬ ,УГОЛОВНЫЙ 
СУД ,РАЗРЕШИТЬ ,ПОЛЬЗА ,ИСТЕЦ , ТЕЧЕНИЕ 
СУД ,РАЗРЕШИТЬ ,ПРОКУРАТУРА ,МОСКВА ,ВОЗБУДИТЬ 
СУД ,РАЗРЕШИТЬСЬ ,ПОЛЬЗА ,ГОСПОДИН ,ХОДАТАЙСТВО 
СУД ,РАЗРЕШИТЬСЬ ,ПОЛЬЗА ,ХОДАТАЙСТВО ,ВЫДВИНУТЬ 
СУД ,РАЗУМЕТЬ ,ЛЮБА ,МОСКВИЧ ,УЩЕМИТЬ 
СУД ,РАСКРЫВАТЬ , ПОНЕДЕЛЬНИК ,ПОЗДНО ,ВЕЧЕРОМ 
СУД ,РАССМАТРИВАТЬ ,ВОПРОС ,ЭКСТРАДИЦИЯ ,НАЗНАЧИТЬ 
СУД ,РАССМАТРИВАТЬ ,ДЕЛО ,ВЗЫСКАНИЕ ,ДОХОД 
СУД ,РАССМАТРИВАТЬ ,ДЕЛО ,НЕЗАКОННОСТЬ ,АУДИТ 
СУД ,РАССМАТРИВАТЬ ,ДЕЛО ,НЕЗАКОННОСТЬ ,АУДИТ 
СУД ,РАССМАТРИВАТЬ ,ДЕЛО ,СПЕЦНАЗОВЕЦ ,УДОВЛЕТВОРИТЬ 
СУД ,РАССМАТРИВАТЬ ,ЗАКОННОСТЬ ,УКАЗ ,ПРЕЗИДЕНТ 
СУД ,РАССМАТРИВАТЬ ,ИСК ,КОМПАНИЯ ,США 
СУД ,РАССМАТРИВАТЬ ,ИСК ,ОБЩЕСТВЕННЫЙ ,ОРГАНИЗАЦИЯ 
СУД ,РАССМАТРИВАТЬ ,ИСК ,ПРИЗНАНИЕ ,НЕДЕЙСТВИТЕЛЬНЫЙ 
СУД ,РАССМАТРИВАТЬ ,СООБЩНИК ,АРЕСТОВАТЬ ,МЕСЯЦ 
СУД ,РАССМАТРИВАТЬ ,ТЕЧЕНИЕ ,ДЕНЬ ,ВРЕМЯ 
СУД ,РАССМАТРИВАТЬ ,ТЕЧЕНИЕ ,ДЕНЬ ,ВРЕМЯ 
СУД ,РАССМАТРИВАТЬ ,ХОДАТАЙСТВО ,СЛЕДСТВЕННЫЙ ,УПРАВЛЕНИЕ 
СУД ,РАССМАТРИВАТЬ ,ВОЕННОСЛУЖАЩИЙ ,ДВАЖДЫ ,ОПРАВДАТЬ 
СУД ,РАССМАТРИВАТЬ ,СПРАВКА ,СПРАВКА , ПРАВИЛО 
СУД ,РАССМОТРЕТЬ ,АПЕЛЛЯЦИЯ ,РЕШЕНИЕ ,ОБЯЗЫВАТЬ 
СУД ,РАССМОТРЕТЬ ,ВОПРОС ,ЭКСТРАДИЦИЯ ,ОКРУАШВИЛИ 
СУД ,РАССМОТРЕТЬ ,ВОПРОС ,ЭКСТРАДИЦИЯ ,ПРЕДОСТАВЛЕНИЕ 
СУД ,РАССМОТРЕТЬ ,ДЕЛО ,УНИЧТОЖЕНИЕ ,СВЕРГНУТЬ 
СУД ,РАССМОТРЕТЬ ,ЖАЛОБА ,ЗАЩИТА ,ПРИОСТАНОВЛЕНИЕ 
СУД ,РАССМОТРЕТЬ ,ЖАЛОБА ,ПРИЗНАТЬ ,ЗАКЛЮЧЕНИЕ 
СУД ,РАССМОТРЕТЬ ,ЗАЯВЛЕНИЕ ,СЛУЖБА ,ЛИКВИДАЦИЯ 
СУД ,РАССМОТРЕТЬ ,ИСК ,ИЗВЕСТНЫЙ ,ХОККЕИСТ 
СУД ,РАССМОТРЕТЬ ,ИСК ,КОНЕЦ ,АПРЕЛЬ 
СУД ,РАССМОТРЕТЬ ,ИСК ,ЛИКВИДАЦИЯ ,РЕСПУБЛИКАНСКИЙ 
СУД ,РАССМОТРЕТЬ ,ИСК ,НАЛОГОВЫЙ ,ОРГАН 
СУД ,РАССМОТРЕТЬ ,ИСК ,НЕЗАКОННОСТЬ ,НЕОБОСНОВАННОСТЬ 
СУД ,РАССМОТРЕТЬ ,ИСК ,РФ ,ПРИЗНАНИЕ 
СУД ,РАССМОТРЕТЬ ,ИСК ,РФ ,ПРИЗНАНИЕ 
СУД ,РАССМОТРЕТЬ ,НОЯБРЬ ,МОЧЬ ,ПОТРЕБОВАТЬ 
СУД ,РАССМОТРЕТЬ ,ОБВИНЕНИЕ ,ПОДКУП ,ОППОЗИЦИЯ 
СУД ,РАССМОТРЕТЬ ,ХОДАТАЙСТВО ,ЗАОЧНЫЙ ,АРЕСТ 
СУД ,РАССМОТРЕТЬ ,ХОДАТАЙСТВО ,ЗАЩИТА ,ПРИСОЕДИНЕНИЕ 
СУД ,РАССМОТРЕТЬ ,ХОДАТАЙСТВО ,ПРЕДСТАВИТЕЛЬ ,ПЕРЕДАТЬ 
СУД ,РАССМОТРЕТЬ ,ХОДАТАЙСТВО ,ПРЕДСТАВИТЕЛЬ ,ПЕРЕДАТЬ 
СУД ,РАССМОТРЕТЬ ,ХОДАТАЙСТВО ,ПРЕДСТАВИТЕЛЬ ,СИБИРЬ 
СУД ,РАССМОТРЕТЬ ,ХОДАТАЙСТВО ,ПРЕДСТАВИТЕЛЬ ,СИБИРЬ 
СУД ,РАССМОТРЕТЬ ,ХОДАТАЙСТВО ,СЛЕДОВАТЕЛЬ ,СЛЕДСТВЕННЫЙ 
СУД ,РАССТАВИТЬ ,МЕСТО ,УБЕДИТЬ , ГОВОРИТЬ 
СУД ,РАССТАВИТЬ ,ТОЧКА ,ПОДНАДОЕСТЬ ,ПРОБЛЕМА 
СУД ,РЕШАТЬ ,ПОЛЬЗА ,СОБСТВЕННИК , ТРОЯ 
СУД ,РЕШАТЬ ,ЧЕТВЕРГ ,СУДЬБА ,СРАЗУ 
СУД ,РЕШИТЬ ,АУДИТ ,ЗАКЛЮЧАТЬ ,ДОГОВОР 
СУД ,РЕШИТЬ ,ВОПРОС ,АРЕСТ ,БЫВШИЙ 
СУД ,РЕШИТЬ ,ВОПРОС ,ПЕРЕВОД ,ГРАЖДАНСКИЙ 
СУД ,РЕШИТЬ ,ВОПРОС ,ЧИСЛЕННОСТЬ ,ПАРТИЯ 
СУД ,РЕШИТЬ ,ДЕЛО ,РАССЛЕДОВАТЬ ,СТОЛИЦА 
СУД ,РЕШИТЬ ,КАПИТАН ,ВЫЙТИ ,РАМКА 
СУД ,РЕШИТЬ ,КОМПАНИЯ ,ЗАНИЖАТЬ ,НАЛОГ 
СУД ,РЕШИТЬ ,РАК , СУД ,ОТКАЗАТЬ 
СУД ,РЕШИТЬ ,ФРАЗА ,ПУГАТЬ ,РАСПРАВА 
СУД ,РЕШИТЬ ,ФРАЗА ,ПУГАТЬ ,РАСПРАВА 
СУД ,РЕШИТЬ ,ЧИТА ,ЯВЛЯТЬСЯ ,НАДЛЕЖАЩИЙ 
СУД ,РЕШИТЬ ,ЭЛЬБРУС ,РАСЧЕТНЫЙ ,ДОКУМЕНТ 
СУД ,РУКОВОДСТВОВАТЬСЯ ,ОБЪЕМ ,ПРОДАЖА ,ПРОГРАММНЫЙ 
СУД ,РУКОВОДСТВОВАТЬСЯ ,ОБЪЕМ ,ПРОДАЖА ,ПРОГРАММНЫЙ 
СУД ,САНКЦИОНИРОВАТЬ ,АРЕСТ , ПРОИЗВОДИТЬ ,СОК 
СУД ,САНКЦИОНИРОВАТЬ ,АРЕСТ ,АВГУСТ ,ДЕТЬ 
СУД ,САНКЦИОНИРОВАТЬ ,АРЕСТ ,ЗАММИНИСТРА ,ФИНАНСЫ 
СУД ,САНКЦИОНИРОВАТЬ ,АРЕСТ ,ИЗВЕСТНЫЙ ,УРАЛЬСКИЙ 
СУД ,САНКЦИОНИРОВАТЬ ,АРЕСТ ,МЕСЯЦ ,ПОСЧИТАТЬ 
СУД ,САНКЦИОНИРОВАТЬ ,АРЕСТ ,ОБЪЯВИТЬ ,ПРЕДПРИНИМАТЕЛЬ 
СУД ,САНКЦИОНИРОВАТЬ ,АРЕСТ ,ОБЪЯВИТЬ ,ПРЕДПРИНИМАТЕЛЬ 
СУД ,САНКЦИОНИРОВАТЬ ,АРЕСТ ,РЕДАКТОР ,ТЕЛЕКОМПАНИЯ 
СУД ,САНКЦИОНИРОВАТЬ ,АРЕСТ ,ВОЗМОЖНО ,БИЗНЕСМЕН 
СУД ,САНКЦИОНИРОВАТЬ ,ЗАКЛЮЧЕНИЕ ,СТРАЖА ,ЧЕТВЕРГ 
СУД ,СВИДЕТЕЛЬСТВОВАТЬ ,НЕСОБЛЮДЕНИЕ ,ПРИНЦИП ,ОСТОРОЖНОСТЬ 
СУД ,СДЕЛАТЬ ,КОЗЕЛ ,ОТПУЩЕНИЕ , НАЧАЛЬНИК 
СУД ,СДЕЛАТЬ ,ПРОЦЕСС ,ЗАКРЫТЫЙ ,ГОСПОДИН 
СУД ,СДЕЛАТЬ ,РАСЧЕТ ,АДВОКАТ ,ПОДСУДИМЫЙ 
СУД ,СДЕЛАТЬ ,СТЕЧЕНИЕ ,ТЯЖЕЛЫЙ ,ОБСТОЯТЕЛЬСТВО 
СУД ,СКАЗАТЬ ,СЛЕДСТВИЕ ,ПРЕДЛАГАТЬ ,СВОБОДА 
СУД ,СКАЗАТЬ ,СТРАНА ,МОЧЬ ,ОБРАЩАТЬСЯ 
СУД ,СЛУШАТЬСЯ ,ДЕЛО ,СТУДЕНТ ,БИОФАК 
СУД ,СНЯТЬ ,АРЕСТ ,МЕГАФОН , БЕССМЕННЫЙ 
СУД ,СНЯТЬ ,ОБЯЗАННОСТЬ ,ВЫПЛАТИТЬ ,ШТРАФ 
СУД ,СОГЛАСИТЬСЯ , СУД ,ПРОДЛИТЬ ,ФЕВРАЛЬ 
СУД ,СОГЛАСИТЬСЯ ,ДОВОД ,АДВОКАТ , НАПОМНИТЬ 
СУД ,СОГЛАСИТЬСЯ ,ДОВОД ,АДВОКАТ ,ПОЗЖЕ 
СУД ,СОГЛАСИТЬСЯ ,ДОВОД ,ЗАЩИТНИК ,УГОЛОВНЫЙ 
СУД ,СОГЛАСИТЬСЯ ,ДОВОД ,ИСТЕЦ ,ПОЛНОСТЬЮ 
СУД ,СОГЛАСИТЬСЯ ,ДОВОД ,ОТВЕТЧИК ,ПОСТАНОВИТЬ 
СУД ,СОГЛАСИТЬСЯ ,НАЛОГОВИК ,ТОМ ,АУДИТОР 
СУД ,СОГЛАСИТЬСЯ ,ТРЕБОВАНИЕ ,ИСТЕЦ ,УСТАНОВИТЬ 
СУД ,СОГЛАСИТЬСЯ ,ТРЕБОВАНИЕ ,ИСТЕЦ ,УСТАНОВИТЬ 
СУД ,СОЗДАТЬ ,ЦЕЛЬ ,УХОД ,НАЛОГ 
СУД ,СОЗДАТЬ ,ЦЕЛЬ ,УХОД ,НАЛОГ 
СУД ,СООБЩИТЬ ,АДВОКАТ ,КИРИЛЛ ,ПОЛИЩУК 
СУД ,СООБЩИТЬ ,АДВОКАТ ,ОБВИНЯЕМЫЙ ,КИРИЛЛ 
СУД ,СООБЩИТЬ ,АДВОКАТ ,ОБВИНЯЕМЫЙ ,КИРИЛЛ 
СУД ,СООБЩИТЬ ,ИСК ,ПОСТУПИТЬ ,РАССМОТРЕНИЕ 
СУД ,СООБЩИТЬ ,ПРЕСС-СЛУЖБА ,КОМПАНИЯ , ОТКАЗАТЬСЯ
СУД ,СООБЩИТЬ ,ПРЕСС-СЛУЖБА ,КОМПАНИЯ ,ФАС
СУД ,СООБЩИТЬ ,ПЯТНИЦА ,КОНКУРСНЫЙ ,УПРАВЛЯЮЩИЙ 
СУД ,СОСТАВИТЬ ,РУБЛЬ , НАЧАТЬ ,РАЗМЕЩАТЬ 
СУД ,СОСТОЯТЬСЯ ,ЗАСЕДАНИЕ ,ДЕЛО ,АУДИТ 
СУД ,СТАРТОВАТЬ ,ПОНЕДЕЛЬНИК ,СЛЕДСТВИЕ ,ПОПЫТАТЬСЯ 
СУД ,СТАТЬ ,ЗАЯВЛЕНИЕ ,СДЕЛАТЬ ,МИНУВШИЙ 
СУД ,СТАТЬ ,ПРИЧИНА ,ВОЗМОЖНЫЙ ,ГИБЕЛЬ 
СУД ,СТАТЬ ,ПРИЧИНА ,ВОЗМОЖНЫЙ ,ГИБЕЛЬ 
СУД ,СТАТЬ ,СОБЫТИЕ ,ОКРУЖНЫЙ ,МОСКОВСКИЙ 
СУД ,СТАТЬ ,СТАТЬЯ ,МК ,ЦИТИРОВАТЬ 
СУД ,СТАТЬ ,СТАТЬЯ ,МК ,ЦИТИРОВАТЬ 
СУД ,СУЖАТЬ ,СФЕРА ,СВОБОДА ,ГРАЖДАНИН 
СУД ,СЧЕСТЬ ,АЛЕКСАНДР ,МИХАЙЛОВИЧ ,ЗАКЛЮЧИТЬ 
СУД ,СЧЕСТЬ ,АЛЕКСАНДР ,МИХАЙЛОВИЧ ,ЗАКЛЮЧИТЬ 
СУД ,СЧЕСТЬ ,ДЕЙСТВИЕ ,ПРЕВЫШЕНИЕ ,ПОЛНОМОЧИЕ 
СУД ,СЧЕСТЬ ,ДЕЯНИЕ ,ЧАСТЬ ,МОШЕННИЧЕСКИЙ 
СУД ,СЧЕСТЬ ,ДОВЕРЕННОСТЬ ,ВЫДАТЬ ,ПРЕДСТАВИТЕЛЬ 
СУД ,СЧЕСТЬ ,ДОВОД ,ИСТЕЦ ,НАРУШЕНИЕ 
СУД ,СЧЕСТЬ ,ДОВОД ,ПРОКУРАТУРА ,УБЕДИТЕЛЬНЫЙ 
СУД ,СЧИТАТЬ ,КОНФЕРЕНЦИЯ ,НЕЛЕГИТИМНЫЙ , ГОД 
СУД ,СЧИТАТЬ ,ОБВИНЕНИЕ ,ВЫДВИНУТЬ ,СООТВЕТСТВОВАТЬ 
СУД ,СЧИТАТЬ ,ЮРИСТ ,ИМЕТЬ ,ПРИНИМАТЬ 
СУД ,ТРЕБОВАТЬ ,ВОЗВРАЩЕНИЕ ,ДЕЛО ,НОВЫЙ 
СУД ,ТЯНУТЬСЯ ,ГОД , СТАНИЦА ,ХОРОШО 
СУД ,УБЕДИТЬ ,ГОСПОДИН ,ЛИМОН ,ЗАЯВИТЬ 
СУД ,УВЕЛИЧИТЬ ,СУММА ,ТРЕБОВАНИЕ ,НАЛОГОВИК 
СУД ,УВЕЛИЧИТЬСЯ , МЫСЛЬ ,КОСМОС ,МОЧЬ 
СУД ,УГРОЖАТЬ ,ИСК ,ВОЗМЕЩЕНИЕ ,УЩЕРБ 
СУД ,УДАЛИТЬСЯ ,ВЫНЕСЕНИЕ ,РЕШЕНИЕ ,ХОДАТАЙСТВО 
СУД ,УДАЛЯТЬСЯ ,СОВЕЩАНИЕ , ЗАЛ ,БЫСТРО 
СУД ,УДАЛЯТЬСЯ ,СОВЕЩАНИЕ , УТВЕРЖДАТЬ ,АДВОКАТ 
СУД ,УДАТЬСЯ ,ДЕНЬ ,ЛЕГЕНДАРНЫЙ ,КОМПОЗИТОР 
СУД ,УДОВЛЕТВОРИТЬ , АКЦИЯ ,ВЧЕРА ,ЛИДЕР 
СУД ,УДОВЛЕТВОРИТЬ ,ЖАЛОБА ,АДВОКАТ ,ОБЪЯСНИТЬ 
СУД ,УДОВЛЕТВОРИТЬ ,ЖАЛОБА ,ЗАЩИТА , ВЧЕРА 
СУД ,УДОВЛЕТВОРИТЬ ,ЗАЯВЛЕНИЕ ,ГЛАВА ,ГАЛИНА 
СУД ,УДОВЛЕТВОРИТЬ ,ЗАЯВЛЕНИЕ ,ГЛАВА ,ГАЛИНА 
СУД ,УДОВЛЕТВОРИТЬ ,ЗАЯВЛЕНИЕ ,РОССВЯЗЬНАДЗОР ,ПРИВЛЕЧЕНИЕ 
СУД ,УДОВЛЕТВОРИТЬ ,ИСК , БОЛЬШИНСТВО ,СООТЕЧЕСТВЕННИК 
СУД ,УДОВЛЕТВОРИТЬ ,ИСК ,БАНК ,МЕСТНЫЙ 
СУД ,УДОВЛЕТВОРИТЬ ,ИСК ,БЫВШИЙ ,ВЛАДЕЛЕЦ 
СУД ,УДОВЛЕТВОРИТЬ ,ИСК ,БЫВШИЙ ,ВЛАДЕЛЕЦ 
СУД ,УДОВЛЕТВОРИТЬ ,ИСК ,ВЗЫСКАНИЕ ,РАНЕЕ 
СУД ,УДОВЛЕТВОРИТЬ ,ИСК ,ГЕНПРОКУРАТУРА ,РФ 
СУД ,УДОВЛЕТВОРИТЬ ,ИСК ,ГЕНПРОКУРАТУРА ,РФ 
СУД ,УДОВЛЕТВОРИТЬ ,ИСК ,ЗАО ,БИЗНЕС 
СУД ,УДОВЛЕТВОРИТЬ ,ИСК ,ЗАО ,БИЗНЕС 
СУД ,УДОВЛЕТВОРИТЬ ,ИСК ,МАТЕРИАЛЬНЫЙ ,УЩЕРБ 
СУД ,УДОВЛЕТВОРИТЬ ,ИСК ,МЕЖРАЙОННЫЙ ,ПРИРОДООХРАННЫЙ 
СУД ,УДОВЛЕТВОРИТЬ ,ИСК ,ОБЩИЙ ,СУММА 
СУД ,УДОВЛЕТВОРИТЬ ,ИСК ,ОБЯЗАТЬ ,ВЫПЛАТИТЬ 
СУД ,УДОВЛЕТВОРИТЬ ,ИСК ,ПОДАТЬ ,АМЕРИКАНСКИЙ 
СУД ,УДОВЛЕТВОРИТЬ ,ИСК ,РОСИМУЩЕСТВО ,ИЗЪЯТИЕ 
СУД ,УДОВЛЕТВОРИТЬ ,ИСК ,РФ ,ПРОСИТЬ 
СУД ,УДОВЛЕТВОРИТЬ ,ИСК ,СМОЧЬ ,ПРЕТЕНДОВАТЬ 
СУД ,УДОВЛЕТВОРИТЬ ,ИСК ,СМОЧЬ ,ПРЕТЕНДОВАТЬ 
СУД ,УДОВЛЕТВОРИТЬ ,ИСК ,СУММА ,ОТМЕТИТЬ 
СУД ,УДОВЛЕТВОРИТЬ ,ИСК ,ФЕДЕРАЛЬНЫЙ ,РЕГИСТРАЦИОННЫЙ 
СУД ,УДОВЛЕТВОРИТЬ ,ИСК ,ФЕДЕРАЛЬНЫЙ ,РЕГИСТРАЦИОННЫЙ 
СУД ,УДОВЛЕТВОРИТЬ ,ИСК ,ЦЕНА ,АПАТИТОВЫЙ 
СУД ,УДОВЛЕТВОРИТЬ ,ПРЕДСТАВЛЕНИЕ ,ГЕНЕРАЛЬНЫЙ ,ПРОКУРАТУРА 
СУД ,УДОВЛЕТВОРИТЬ ,ПРОСЬБА ,ЗАЩИТА ,РАССМОТРЕНИЕ 
СУД ,УДОВЛЕТВОРИТЬ ,ТРЕБОВАНИЕ ,ПРОКУРАТУРА ,ВМЕСТЕ 
СУД ,УДОВЛЕТВОРИТЬ ,ТРЕБОВАНИЕ ,ТОРГОВЫЙ ,СЕТЬ 
СУД ,УДОВЛЕТВОРИТЬ ,ХОДАТАЙСТВО ,ГЕНПРОКУРАТУРА ,ВОПРОС 
СУД ,УДОВЛЕТВОРИТЬ ,ХОДАТАЙСТВО ,ГЕНПРОКУРАТУРА ,ИЗБРАТЬ 
СУД ,УДОВЛЕТВОРИТЬ ,ХОДАТАЙСТВО ,ГЕНПРОКУРАТУРА ,ПОСЧИТАТЬ 
СУД ,УДОВЛЕТВОРИТЬ ,ХОДАТАЙСТВО ,ГЕНПРОКУРАТУРА ,ПРЕДЪЯВИТЬ 
СУД ,УДОВЛЕТВОРИТЬ ,ХОДАТАЙСТВО ,ГЕНПРОКУРАТУРА ,ЯНВАРЬ 
СУД ,УДОВЛЕТВОРИТЬ ,ХОДАТАЙСТВО ,ЗАЯВИТЬ ,РАССМОТРЕНИЕ 
СУД ,УДОВЛЕТВОРИТЬ ,ХОДАТАЙСТВО ,ЛЕБЕДЕВ ,УЧАСТВОВАТЬ 
СУД ,УДОВЛЕТВОРИТЬ ,ХОДАТАЙСТВО ,НАЛОГОВИК ,ПРИВЛЕЧЬ 
СУД ,УДОВЛЕТВОРИТЬ ,ХОДАТАЙСТВО ,НАЛОЖЕНИЕ ,АРЕСТ 
СУД ,УДОВЛЕТВОРИТЬ ,ХОДАТАЙСТВО ,НАЛОЖЕНИЕ ,АРЕСТ 
СУД ,УДОВЛЕТВОРИТЬ ,ХОДАТАЙСТВО ,ОТВЕТЧИК ,МОТИВИРОВАТЬ 
СУД ,УДОВЛЕТВОРИТЬ ,ХОДАТАЙСТВО ,ОТВЕТЧИК ,МОТИВИРОВАТЬ 
СУД ,УДОВЛЕТВОРИТЬ ,ХОДАТАЙСТВО ,ОТВЕТЧИК ,МОТИВИРОВАТЬ 
СУД ,УДОВЛЕТВОРИТЬ ,ХОДАТАЙСТВО ,ПОСЧИТАТЬ ,ДОВОД 
СУД ,УДОВЛЕТВОРИТЬ ,ХОДАТАЙСТВО ,ПРОКУРАТУРА ,ЗАКЛЮЧЕНИЕ 
СУД ,УДОВЛЕТВОРИТЬ ,ХОДАТАЙСТВО ,РФ ,ЗАОЧНО 
СУД ,УДОВЛЕТВОРИТЬ ,ХОДАТАЙСТВО ,СЛЕДСТВЕННЫЙ ,КОМИТЕТ 
СУД ,УДОВЛЕТВОРИТЬ ,ХОДАТАЙСТВО ,СТАТЬ ,НЕОЖИДАННОСТЬ 
СУД ,УДОВЛЕТВОРИТЬ ,ХОДАТАЙСТВО ,СТОРОНА ,ПЕРЕЙТИ 
СУД ,УКАЗЫВАТЬ ,ПОПРАВКА ,ЗАКОН ,ШТАТ 
СУД ,УКАЗЫВАТЬ ,СЛЕДСТВИЕ ,ДЕЛО ,ЗАВЕРШИТЬ 
СУД ,УКЛОНИТЬСЯ ,ОЦЕНКА ,ДОВОД ,УЧАСТНИК 
СУД ,УЛИЧАТЬ ,ЭКС-МЭР ,ЯВНЫЙ ,УГОЛОВНЫЙ
СУД ,УМЕНЬШИТЬ ,СУММА ,КОМПЕНСАЦИЯ , ИЗОБРЕТЕНИЕ 
СУД ,УПРОСТИТЬ ,ДЕЯТЕЛЬНОСТЬ ,ПОЛИТИЧЕСКИЙ ,ПАРТИЯ 
СУД ,УСИЛИТЬ ,КАТАСТРОФА ,АВГУСТ ,РАЗБИТЬСЯ 
СУД ,УСИЛИТЬ ,КАТАСТРОФА ,АВГУСТ ,РАЗБИТЬСЯ 
СУД ,УСИЛИТЬ ,КАТАСТРОФА ,ДОНЕЦК ,АВГУСТ 
СУД ,УСМОТРЕТЬ ,ДЕЙСТВИЕ ,РУКОВОДИТЕЛЬ ,НАРУШЕНИЕ 
СУД ,УСМОТРЕТЬ ,ПРИЗНАК ,ПРЕСТУПЛЕНИЕ ,ПРЕДУСМОТРЕТЬ 
СУД ,УСТАНОВИТЬ , ПОДСУДИМЫЙ ,СОСТАВ ,ПРЕСТУПНЫЙ 
СУД ,УСТАНОВИТЬ ,БЕРЕЗОВСКИЙ ,СОВМЕСТНО ,БЫВШИЙ 
СУД ,УСТАНОВИТЬ ,НЕЗАКОННОСТЬ ,ДЕЙСТВИЕ ,ПРОВЕСТИ 
СУД ,УСТАНОВИТЬ ,ОБВИНЯЕМЫЙ ,ЯВЛЯТЬСЯ ,АКТИВНЫЙ 
СУД ,УСТАНОВИТЬ ,ЦЕНА ,ПОСТАВКА ,КОНЦЕНТРАТ 
СУД ,УТВЕРЖДАТЬ , ФИНАЛ ,БЕЗОГОВОРОЧНО ,УСТУПИТЬ 
СУД ,УТВЕРЖДАТЬ ,АУДИТОР ,СОДЕЙСТВОВАТЬ ,УКЛОНЕНИЕ 
СУД ,УТВЕРЖДАТЬ ,БАЛТИКА ,НАРУШИТЬ ,УСЛОВИЕ 
СУД ,УТВЕРЖДАТЬ ,ОЧЕВИДЕЦ ,СТРЕМИТЬСЯ ,ЛИЧНО 
СУД ,УЧАСТВОВАТЬ ,ПРОЦЕСС ,АДВОКАТ ,АНДРЕЙ 
СУД ,УЧАСТВОВАТЬ ,ПРОЦЕСС ,АДВОКАТ ,АНДРЕЙ 
СУД ,УЧЕСТЬ ,ШТРАФ ,МОЧЬ ,ОСЛОЖНИТЬ 
СУД ,ФИГУРИРОВАТЬ ,ДЕЛО ,ПРЕДЪЯВИТЬ ,НАЛОГОВЫЙ 
СУД ,ЦИТИРОВАТЬ ,ИНФОРМАГЕНТСТВО ,НАЧАЛО , НЕМЕЦКИЙ 
СУД ,ЯВИТЬСЯ , ПОИСК ,БОЕВИК ,АМЕРИКАНСКИЙ 
СУД ,ЯВИТЬСЯ ,АДВОКАТ ,РОДСТВЕННИК ,СОСЛУЖИВЕЦ 
СУД ,ЯВИТЬСЯ ,ПЕРЕПЕЧАТКА ,СТАТЬЯ ,ЦИТИРОВАНИЕ 
СУД ,ЯВЛЯТЬСЯ ,ПРЕПЯТСТВИЕ ,ОТПРАВЛЕНИЕ ,СУРОВЫЙ 
СУД ,ЯВЛЯТЬСЯ ,ПРЕПЯТСТВИЕ ,ОТПРАВЛЕНИЕ ,СУРОВЫЙ 
СУД , ВЕСИТЬ ,ГОД ,РАССКАЗЫВАТЬ ,ЧИТАТЕЛЬ 
СУД , ВОЗГЛАВИТЬ ,СПИСОК ,ПРЕЗИДЕНТ ,ОТКАЗАТЬСЯ 
СУД , ЗАКЛЮЧИТЬ ,КОНТРАКТ ,ОБСЛУЖИВАНИЕ ,СООБЩАТЬ 
СУД , ПОПАСТЬ ,ДЕСЯТКА ,КОРРУМПИРОВАТЬ ,МИРОВОЙ 
СУД , СООБЩИТЬ ,ПРЕФЕКТУРА ,ЮГО-ЗАПАДНЫЙ ,АДМИНИСТРАТИВНЫЙ
СУД , СТАВИТЬ ,ЦЕЛЬ ,СКУПАТЬ ,НЕБОЛЬШОЙ 
СУД ,ВЫПОЛНЯТЬ ,УСЛОВИЕ ,ДОГОВОР ,ЗАПЛАТИТЬ 
СУД ,ВЫСТУПИТЬ ,ХОДАТАЙСТВО , ВЧЕРА ,СУД 
СУД ,ВЫСТУПИТЬ ,ХОДАТАЙСТВО , СОСЛАТЬ ,ДЕЛО 
СУД ,ДОБИТЬСЯ ,ОТМЕНА ,БАНКОВСКИЙ ,КОМИССИЯ 
СУД ,ЗАСТАТЬ ,РУКОВОДСТВО ,ПОТЕНЦИАЛ ,РАБОЧИЙ 
СУД ,НАПИСАТЬ ,МОСКВА ,НАЧАЛЬНИК ,ГАИ 
СУД ,НАПОМНИТЬ ,ГОСПОДИН ,ХОДОРКОВСКИЙ ,ПОЗАВЧЕРА 
СУД ,НАРУШАТЬ ,СТАТЬЯ ,УКАЗАННЫЙ ,ИСТЕЦ 
СУД ,НЕСТИ ,ОТВЕТСТВЕННОСТЬ ,ВЫДАТЬ ,ЗАКЛЮЧЕНИЕ 
СУД ,ОСВОБОДИТЬ ,ГОСПОДИН ,АЛЕКСАНЯН ,СУДЕБНЫЙ 
СУД ,ОТМЕТИТЬ ,СКАЧОК ,КОРРУПЦИЯ ,ОТНОШЕНИЕ 
СУД ,ПОГАСИТЬ ,ДОЛГ , МАРТ ,НЫНЕШНИЙ 
СУД ,ПРОАНАЛИЗИРОВАТЬ ,МАТЕРИАЛ ,СУД ,ЗАЯВИТЬ 
СУД ,ПРОИГРАТЬ ,ИНСТАНЦИЯ ,ПОСЛЕДНИЙ ,СТАТЬ 
СУД ,СВЯЗАТЬ ,ГЛАВА ,СИГМА ,ПАВЕЛ 
СУД ,СКРЫВАТЬ ,ИНФОРМАЦИЯ ,УБЫТОК ,ФОНД 
СУД ,СЛУШАТЬ ,ДЕЛО ,КОЛЛЕГИЯ ,СУДЬЯ 
СУД ,СЛУШАТЬ ,ДЕЛО ,КОЛЛЕГИЯ ,СУДЬЯ 
СУД ,УТВЕРЖДАТЬ ,АЛЬФА ,ДОГОВОРИТЬСЯ ,ПРЕЖНИЙ 